a	000	32	1	0	7	6	1.25	0	7	8	6	7	6	7	1	1	0
a	001	28	0	2	6	5	0.8888888888888888	1	5	7	10	9	10	6	1	1	0
a	002	42	1	0	8	10	1.0	1	14	15	6	7	6	15	1	1	0
a	003	32	1	0	8	6	0.9090909090909091	1	4	6	14	12	20	10	1	1	3
a	004	37	1	0	7	7	1.0	0	8	8	7	9	8	8	1	1	0
a	005	68	0	0	10	10	1.0	0	7	7	6	10	0	0	1	1	0
a	006	43	1	0	10	7	1.0	1	9	9	14	14	18	14	1	1	3
a	007	23	1	0	6	6	0.8571428571428571	1	4	4	4	7	5	3	1	1	0
a	008	55	1	1	11	7	1.0714285714285714	0	12	14	16	15	13	13	1	1	0
a	009	31	0	1	7	5	1.0	0	5	6	7	8	7	4	1	1	0
a	010	39	1	0	8	8	1.0	1	7	8	9	9	9	9	1	1	0
a	011	55	6	0	3	13	0.9285714285714286	1	33	33	15	17	16	34	1	1	0
a	012	35	0	1	8	4	1.0	0	8	8	10	12	8	7	1	1	0
a	013	22	1	1	4	3	1.0	1	4	6	8	9	14	8	1	1	1
a	014	40	0	1	10	7	0.8461538461538461	1	6	6	13	16	19	9	1	1	0
a	015	42	0	0	8	7	0.9166666666666666	0	9	12	14	12	13	9	1	1	0
a	016	36	1	1	7	5	1.1	0	7	10	8	8	9	9	1	1	0
a	017	34	0	1	5	5	1.0	0	10	10	12	12	14	12	1	1	0
a	018	27	0	0	5	6	0.8571428571428571	0	5	5	5	6	2	2	1	1	0
a	019	43	0	0	7	6	0.8461538461538461	0	9	10	16	15	17	10	1	1	0
a	020	31	1	0	8	6	0.6	0	7	7	6	10	8	8	1	1	0
a	021	33	0	0	6	5	1.0	1	7	8	10	10	15	13	1	1	2
a	022	52	0	1	10	10	1.1538461538461537	0	15	13	8	8	9	14	1	1	0
a	023	26	0	1	5	4	1.375	0	6	9	5	5	9	13	1	1	2
a	024	29	1	0	6	5	1.5714285714285714	0	5	6	2	2	1	6	1	1	0
a	025	87	0	0	13	13	1.0	0	14	15	8	10	0	0	1	1	0
a	026	27	0	1	6	7	1.5	0	5	5	4	4	3	4	1	1	0
a	027	40	0	1	6	5	1.0	0	11	12	13	15	17	15	1	1	2
a	028	33	0	1	6	4	0.9090909090909091	1	6	7	11	13	17	12	1	1	3
a	029	34	0	0	7	5	1.2222222222222223	0	9	9	11	10	15	12	1	1	2
a	030	21	0	1	5	4	0.75	1	2	3	9	9	11	4	1	1	1
a	031	53	0	0	11	10	0.9166666666666666	0	4	7	8	11	3	2	1	2	0
a	032	25	1	1	5	5	0.8888888888888888	0	2	6	9	9	12	5	1	1	0
a	033	58	0	1	10	9	0.8333333333333334	0	9	10	6	9	0	1	1	1	0
a	034	53	6	0	3	13	1.0	1	33	33	13	15	14	34	1	1	0
a	035	40	0	1	12	4	0.7857142857142857	1	4	5	14	14	17	13	1	1	5
a	036	35	1	0	9	6	0.8181818181818182	1	6	6	13	12	14	8	1	1	2
a	037	42	2	0	9	8	0.7272727272727273	1	11	10	7	10	8	11	1	2	0
a	038	40	0	1	8	6	1.3	0	10	12	9	9	8	12	1	1	0
a	039	49	1	0	10	9	0.6923076923076923	0	14	11	11	12	11	12	1	1	0
a	040	42	1	0	9	7	0.8571428571428571	0	5	7	12	13	15	10	1	1	1
a	041	36	0	1	8	7	1.3333333333333333	0	7	8	8	6	6	9	1	1	0
a	042	32	0	2	6	7	1.5714285714285714	1	7	9	5	4	4	8	1	1	0
a	043	33	0	1	6	4	1.2	0	9	9	9	9	15	15	1	1	3
a	044	30	1	0	6	4	1.25	0	11	10	6	8	6	12	1	1	0
a	045	20	1	1	4	4	0.875	1	3	4	8	8	12	5	1	1	0
a	046	29	0	0	7	4	1.2857142857142858	0	7	8	10	8	9	7	1	1	0
a	047	39	1	0	8	5	1.0	1	10	9	9	12	11	12	1	1	1
a	048	34	1	1	6	4	0.9	0	7	7	10	11	11	7	1	1	0
a	049	34	1	0	9	6	0.9	0	5	6	11	12	11	7	1	1	0
a	050	40	0	0	8	8	1.0833333333333333	1	9	9	9	10	15	15	1	1	2
a	051	35	1	0	9	6	0.9090909090909091	0	7	6	9	12	12	10	1	1	1
a	052	35	1	0	7	7	1.1818181818181819	0	8	10	9	7	11	13	1	1	2
a	053	53	0	0	12	10	1.0	1	9	10	15	14	12	9	1	1	0
a	054	35	1	0	8	7	0.6363636363636364	1	6	7	7	10	10	7	1	1	0
a	055	59	0	0	11	11	1.0	0	8	10	8	10	4	2	1	1	0
a	056	46	7	0	3	11	0.8461538461538461	1	27	27	12	14	13	28	1	1	0
a	057	53	0	2	13	7	1.0	1	10	12	18	17	12	13	1	1	0
a	058	43	2	0	7	8	0.75	1	14	13	8	11	8	13	1	1	0
a	059	36	0	1	5	7	1.2222222222222223	0	9	10	6	6	6	10	1	1	0
a	060	40	0	0	7	7	1.0909090909090908	1	12	11	12	14	17	15	1	1	1
a	061	64	0	0	10	11	1.0	0	10	9	8	7	0	1	1	1	0
a	062	88	0	0	13	12	0.8	0	12	13	16	18	0	0	1	1	0
a	063	39	0	0	7	6	0.8461538461538461	1	9	9	15	15	20	13	1	1	1
a	064	32	3	0	6	4	1.1818181818181819	1	10	10	8	9	16	16	1	1	5
a	065	25	1	2	4	4	1.0	1	3	6	7	6	8	4	1	1	0
a	066	57	0	1	10	8	0.9090909090909091	0	11	12	6	9	0	2	1	1	0
a	067	22	0	1	3	4	1.0	1	6	5	6	6	12	10	1	1	2
a	068	34	0	0	6	4	1.0909090909090908	1	8	10	9	8	16	16	1	1	4
a	069	34	1	2	5	4	1.3	0	11	10	11	13	17	13	1	1	1
a	070	27	0	1	5	3	1.25	0	8	10	6	4	6	14	1	1	1
a	071	34	0	0	7	5	0.9	0	7	9	10	13	11	9	1	1	0
a	072	44	0	0	10	8	1.0909090909090908	0	9	11	6	9	7	10	1	1	0
a	073	23	0	1	3	2	1.125	0	6	8	6	7	9	11	1	1	1
a	074	58	2	2	10	14	1.0666666666666667	2	24	26	12	14	14	28	1	1	0
a	075	76	0	0	12	9	0.75	0	10	11	8	11	0	1	1	1	0
a	076	51	0	1	11	8	1.0	0	10	11	9	12	11	14	1	1	1
a	077	27	0	1	7	5	1.125	0	5	5	8	8	8	7	1	1	0
a	078	47	0	0	11	8	1.1818181818181819	0	7	9	11	9	8	10	1	1	0
a	079	35	0	2	8	6	1.1818181818181819	3	8	11	10	11	14	14	1	0	2
a	080	32	0	1	9	6	1.3333333333333333	0	5	7	10	8	15	11	1	1	4
a	081	27	0	0	6	4	1.4285714285714286	0	5	7	5	6	6	7	1	1	0
a	082	50	0	0	7	8	0.7857142857142857	0	11	12	17	20	19	10	1	1	0
a	083	31	1	0	7	2	1.3	0	7	9	6	7	13	15	1	1	3
a	084	39	0	2	8	7	1.1818181818181819	1	9	11	11	10	12	12	1	1	1
a	085	49	1	0	9	8	1.0	0	12	13	11	16	13	14	1	1	0
a	086	28	0	2	7	2	1.2222222222222223	0	5	6	4	6	6	12	1	1	3
a	087	53	6	0	3	13	1.0	1	33	33	13	15	14	34	1	1	0
a	088	45	1	0	11	4	0.9230769230769231	1	10	11	12	16	14	15	1	1	3
a	089	30	0	1	9	4	1.0	0	3	5	9	8	7	7	1	1	1
a	090	39	1	0	7	5	1.0	0	10	11	9	13	13	13	1	1	1
a	091	19	0	1	4	4	1.0	1	3	4	6	8	11	5	1	1	0
a	092	29	0	3	7	7	1.1111111111111112	1	5	6	8	7	9	7	1	1	1
a	093	53	0	1	10	9	1.0769230769230769	0	12	13	14	14	12	12	1	1	0
a	094	31	0	0	7	8	1.2857142857142858	1	6	6	7	6	6	5	1	1	0
a	095	31	0	4	5	2	1.1818181818181819	1	6	7	10	11	17	16	1	1	4
a	096	30	2	1	3	5	1.0	1	9	10	10	10	16	13	1	1	2
a	097	59	2	3	8	10	1.0	2	20	21	10	13	11	17	1	1	0
a	098	41	4	1	7	10	0.9166666666666666	1	18	18	6	9	10	23	1	1	1
a	099	37	0	1	8	7	1.1	0	7	9	9	10	9	8	1	1	0
b	000	34	5	1	5	4	0.6	1	6	7	15	14	18	11	1	1	2
b	001	29	5	1	5	5	0.7272727272727273	1	6	7	11	9	10	8	1	1	0
b	002	32	0	0	5	3	0.5454545454545454	0	5	7	12	10	3	6	1	1	0
b	003	37	6	0	5	5	0.6666666666666666	1	10	11	14	10	13	14	1	1	1
b	004	26	6	0	3	2	0.5384615384615384	1	7	7	14	11	14	10	1	1	0
b	005	35	7	0	5	6	0.5	1	7	8	14	14	14	5	1	1	0
b	006	25	5	0	4	3	0.5454545454545454	1	5	6	11	10	11	6	1	1	0
b	007	34	7	0	5	3	0.5625	0	6	8	16	14	17	11	1	1	1
b	008	46	0	0	11	7	0.5	0	9	8	14	14	14	10	1	2	0
b	009	27	6	0	6	5	0.5	1	4	3	12	11	10	3	1	1	0
b	010	25	6	1	4	2	0.9090909090909091	1	10	9	9	6	11	15	1	1	1
b	011	35	5	0	6	6	0.5714285714285714	1	5	6	14	10	11	4	1	1	0
b	012	31	6	0	4	3	0.6153846153846154	1	8	9	14	12	14	9	1	1	0
b	013	30	2	0	4	5	0.8	1	6	6	7	7	4	6	1	1	0
b	014	36	4	0	6	6	0.6923076923076923	1	8	8	14	12	14	9	1	1	0
b	015	36	6	0	7	5	0.5	1	7	6	16	14	13	6	1	1	0
b	016	34	6	0	5	4	0.6666666666666666	1	8	9	14	12	18	14	1	1	3
b	017	35	6	0	5	6	0.5384615384615384	1	5	8	13	10	11	3	1	1	0
b	018	31	5	0	4	5	0.6153846153846154	1	6	8	13	11	14	9	1	1	1
b	019	47	9	0	8	7	0.5	2	8	8	20	18	18	7	1	2	0
b	020	24	4	0	5	5	0.6666666666666666	1	3	4	7	6	5	3	1	1	0
b	021	28	6	0	3	5	0.46153846153846156	1	6	5	13	12	13	5	1	1	0
b	022	33	8	0	4	4	0.6	1	9	10	14	13	16	12	1	1	1
b	023	37	5	0	8	4	0.5333333333333333	1	6	7	15	14	12	9	1	1	0
b	024	35	5	0	7	5	0.8461538461538461	1	10	9	12	11	14	13	1	1	2
b	025	26	6	0	5	4	0.5	1	4	5	12	10	11	5	1	1	0
b	026	20	5	0	4	4	0.4	1	2	3	10	7	8	1	1	1	0
b	027	27	6	0	3	3	0.5833333333333334	1	7	9	13	11	13	9	1	1	0
b	028	25	5	0	5	5	0.6	1	5	5	10	8	8	4	1	1	0
b	029	32	5	1	7	4	0.6923076923076923	1	6	9	13	12	13	11	1	1	0
b	030	26	6	0	3	2	0.5833333333333334	1	7	7	13	10	13	8	1	1	0
b	031	33	5	0	7	5	0.6666666666666666	1	6	7	13	12	12	8	1	1	1
b	032	32	5	0	5	6	0.5714285714285714	1	6	5	14	10	15	6	1	1	1
b	033	37	7	0	7	6	0.6	2	6	7	15	14	16	8	1	1	0
b	034	39	6	0	6	6	0.6	0	9	9	14	13	14	9	1	1	0
b	035	38	4	0	6	6	0.5714285714285714	1	6	8	16	15	14	6	1	1	0
b	036	28	5	0	5	5	0.5	1	4	5	12	11	12	4	1	1	0
b	037	32	5	1	4	3	0.6923076923076923	1	8	9	13	12	14	11	1	1	0
b	038	31	5	0	5	6	0.6153846153846154	1	8	6	12	11	14	7	1	1	0
b	039	31	4	2	7	3	0.7692307692307693	2	7	7	12	10	14	13	1	1	2
b	040	36	8	0	5	4	0.6	1	10	11	15	14	15	11	1	1	0
b	041	61	0	0	12	10	0.7333333333333333	0	18	19	15	14	15	17	1	2	0
b	042	30	9	0	3	3	0.4666666666666667	1	7	8	15	14	16	8	1	1	0
b	043	38	5	0	7	6	0.75	1	8	7	12	9	7	7	1	1	0
b	044	25	7	0	4	2	0.5	1	5	6	13	10	11	6	1	1	0
b	045	72	0	0	10	10	0.5882352941176471	0	13	14	22	21	0	6	1	1	0
b	046	35	5	1	5	7	0.6923076923076923	1	6	7	10	10	9	6	1	1	0
b	047	26	5	0	2	4	0.46153846153846156	1	5	4	14	12	15	6	1	1	0
b	048	27	6	0	3	4	0.5	1	6	7	13	11	13	6	1	1	0
b	049	31	8	0	4	5	0.5333333333333333	1	7	7	15	13	16	8	1	1	0
b	050	29	3	0	7	4	0.7	1	6	5	10	10	7	7	1	1	0
b	051	21	4	0	5	4	0.4444444444444444	1	2	4	9	7	6	1	1	1	0
b	052	49	6	0	10	9	0.6875	1	8	8	17	20	18	8	1	1	0
b	053	34	6	0	2	2	0.6923076923076923	1	13	14	16	15	16	14	1	1	0
b	054	34	6	0	5	5	0.7142857142857143	1	10	9	13	12	14	12	1	1	0
b	055	37	4	0	6	6	0.6923076923076923	1	9	8	14	10	12	8	1	1	0
b	056	26	4	0	3	4	0.6363636363636364	1	7	7	12	9	12	8	1	1	0
b	057	24	4	0	4	5	0.6	1	3	6	10	7	9	5	1	1	0
b	058	35	5	0	6	4	0.5	1	5	4	17	13	19	10	1	1	4
b	059	37	6	0	4	4	0.6666666666666666	1	11	12	16	15	17	14	1	1	0
b	060	31	5	0	4	5	0.6666666666666666	1	9	9	12	11	12	9	1	1	0
b	061	34	8	0	4	4	0.4375	1	7	8	16	15	16	8	1	1	0
b	062	34	7	0	4	3	0.7333333333333333	1	9	10	14	11	17	15	1	1	2
b	063	52	4	0	8	9	0.8666666666666667	1	13	12	15	11	12	13	1	1	0
b	064	36	5	0	5	6	0.6923076923076923	1	9	11	12	11	12	10	1	1	0
b	065	28	5	1	2	2	0.5384615384615384	1	5	6	14	13	17	9	1	1	1
b	066	41	7	0	6	6	0.625	1	10	11	16	15	16	11	1	1	0
b	067	29	7	0	3	2	0.6428571428571429	1	8	10	13	11	16	13	1	1	2
b	068	29	4	0	4	4	0.6153846153846154	1	4	5	13	11	15	8	1	1	1
b	069	34	8	0	2	2	0.6428571428571429	1	13	14	16	15	16	14	1	1	0
b	070	39	3	0	5	7	0.8333333333333334	1	12	11	14	12	13	11	1	1	0
b	071	21	4	0	4	4	0.5555555555555556	1	3	4	9	6	7	3	1	1	0
b	072	34	7	2	4	3	0.625	2	7	9	15	15	18	11	1	1	0
b	073	30	6	0	5	4	0.5714285714285714	1	6	5	14	12	15	9	1	1	1
b	074	35	4	0	6	6	0.5	1	5	5	15	11	13	4	1	1	0
b	075	39	6	0	8	4	0.7333333333333333	1	10	10	14	15	15	14	1	1	1
b	076	24	6	0	3	3	0.4166666666666667	1	4	4	13	11	13	5	1	1	0
b	077	42	6	0	9	5	0.6666666666666666	2	10	9	17	16	16	11	1	1	1
b	078	36	8	0	5	3	0.625	1	10	10	17	14	18	14	1	1	1
b	079	29	6	0	4	4	0.5833333333333334	1	8	8	13	11	12	8	1	1	0
b	080	35	5	0	4	3	0.6428571428571429	1	9	10	16	14	17	12	1	1	1
b	081	34	6	0	3	3	0.6428571428571429	1	11	12	17	14	17	13	1	1	0
b	082	30	4	0	6	3	0.7272727272727273	1	7	8	12	9	10	8	1	1	0
b	083	29	6	0	4	3	0.5833333333333334	1	6	7	13	10	10	7	1	1	0
b	084	33	5	0	3	4	0.6428571428571429	1	9	8	15	13	16	12	1	1	0
b	085	30	6	0	3	3	0.4666666666666667	1	5	6	17	14	18	9	1	1	1
b	086	28	6	0	3	4	0.46153846153846156	1	6	6	13	12	13	5	1	1	0
b	087	30	5	0	5	5	0.7272727272727273	1	8	8	11	9	10	8	1	1	0
b	088	39	7	0	7	6	0.5333333333333333	1	7	5	15	15	15	6	1	1	0
b	089	33	4	0	6	6	0.5384615384615384	1	5	6	14	12	13	5	1	1	0
b	090	23	6	0	2	2	0.5	1	5	6	13	10	14	8	1	1	1
b	091	26	5	1	3	4	0.5833333333333334	2	5	6	13	10	14	7	1	1	0
b	092	21	6	0	3	3	0.45454545454545453	1	3	5	11	8	11	5	1	1	0
b	093	84	0	0	11	10	0.5882352941176471	0	8	10	20	16	0	0	1	1	0
b	094	45	7	0	9	7	0.5294117647058824	1	7	6	19	18	17	7	1	1	0
b	095	19	5	0	2	2	0.4	1	3	4	11	10	11	4	1	1	0
b	096	28	6	0	4	3	0.5384615384615384	1	5	7	13	12	13	7	1	1	0
b	097	41	6	0	5	6	0.7333333333333333	1	12	12	15	13	14	12	1	1	0
b	098	34	9	0	6	4	0.5	1	7	8	16	14	15	9	1	1	0
b	099	37	6	0	7	4	0.5	1	6	6	16	13	9	6	1	1	0
c	000	30	5	0	5	5	0.8333333333333334	2	11	11	9	9	11	14	1	0	0
c	001	32	7	0	4	5	0.9166666666666666	0	14	14	8	8	10	14	1	0	0
c	002	36	7	1	4	5	0.9285714285714286	2	18	17	8	7	7	18	1	0	0
c	003	27	3	0	4	6	0.9	2	10	10	5	4	3	10	1	0	0
c	004	28	6	1	4	4	0.9090909090909091	2	14	14	8	6	6	14	1	0	0
c	005	25	5	1	3	3	0.8333333333333334	2	11	10	5	4	5	14	1	0	1
c	006	34	5	0	3	5	1.0833333333333333	0	13	15	4	7	9	15	1	0	2
c	007	42	5	0	6	7	1.0	1	15	16	9	8	8	15	1	0	0
c	008	21	4	3	2	1	1.375	2	13	13	3	3	4	17	1	0	2
c	009	30	4	0	5	5	0.8333333333333334	2	12	12	6	5	4	12	1	0	0
c	010	25	9	1	3	3	0.8333333333333334	1	12	12	7	7	9	14	1	0	0
c	011	18	3	1	2	3	0.875	2	8	7	4	3	3	8	1	0	0
c	012	42	7	2	6	7	1.0	0	17	17	9	9	9	17	1	0	0
c	013	30	0	0	4	5	1.1	1	10	9	2	3	0	8	1	0	0
c	014	34	8	2	6	4	1.0	1	13	14	7	6	10	19	1	0	2
c	015	23	3	0	3	4	0.8888888888888888	2	10	10	5	3	3	10	1	0	0
c	016	24	6	0	4	4	0.8181818181818182	1	8	9	6	5	8	12	1	0	0
c	017	35	7	1	3	4	0.8571428571428571	2	16	16	9	7	7	16	1	0	0
c	018	31	5	0	4	4	0.7692307692307693	2	12	12	7	5	5	12	1	0	0
c	019	27	6	0	2	2	0.7692307692307693	2	10	10	9	9	16	17	1	0	4
c	020	33	5	1	6	6	1.0	0	13	11	8	6	7	12	1	0	0
c	021	23	8	1	3	1	0.9090909090909091	2	12	12	6	6	9	17	1	0	3
c	022	25	4	0	4	4	1.0	0	11	11	5	5	6	15	1	0	0
c	023	62	0	0	9	11	0.8461538461538461	0	9	9	6	7	0	0	1	0	0
c	024	25	6	0	2	2	0.8333333333333334	2	10	10	7	7	12	14	1	0	3
c	025	13	3	1	2	2	0.7142857142857143	2	5	5	5	3	3	6	1	0	0
c	026	32	6	0	5	4	1.0	0	11	11	4	6	11	18	1	0	5
c	027	21	4	0	3	3	0.6	2	6	7	9	10	11	7	1	0	0
c	028	42	5	0	8	7	0.8571428571428571	0	13	13	12	10	11	13	1	0	0
c	029	35	6	0	3	6	0.7857142857142857	2	13	13	8	6	6	13	1	0	0
c	030	31	3	0	6	7	0.9090909090909091	0	7	8	5	6	8	7	1	0	1
c	031	24	8	0	4	3	0.75	1	9	10	7	6	9	14	1	0	1
c	032	30	6	0	6	5	0.9166666666666666	1	11	13	7	7	9	16	1	0	1
c	033	23	6	0	2	2	0.75	2	8	8	6	6	11	14	1	0	2
c	034	25	6	0	4	2	0.9090909090909091	1	12	11	6	7	9	17	1	0	2
c	035	28	5	1	3	2	1.0	1	12	11	6	7	14	17	1	0	3
c	036	28	6	1	5	5	0.75	1	7	8	7	5	7	8	1	0	0
c	037	27	8	0	3	3	0.8461538461538461	2	13	13	6	6	8	18	1	0	1
c	038	23	7	0	4	4	0.8181818181818182	1	9	10	5	6	8	13	1	0	1
c	039	55	1	0	8	11	1.0714285714285714	0	17	17	8	7	2	13	1	1	0
c	040	40	6	0	6	6	0.8571428571428571	0	12	12	9	9	9	11	1	0	0
c	041	32	2	0	7	8	1.2222222222222223	1	10	11	5	5	5	9	1	0	0
c	042	26	5	0	4	3	0.9090909090909091	2	10	10	7	5	11	15	1	0	2
c	043	32	2	0	6	6	1.0	0	10	10	5	7	5	9	1	0	0
c	044	24	5	0	4	4	0.7272727272727273	1	7	8	7	8	11	9	1	0	1
c	045	18	4	0	3	3	0.6666666666666666	2	7	6	5	4	4	7	1	0	0
c	046	21	2	0	3	3	1.1428571428571428	1	9	10	4	3	3	9	1	0	0
c	047	26	3	1	5	5	1.1111111111111112	0	10	11	5	6	8	12	1	0	1
c	048	20	5	1	2	2	1.0	2	10	10	4	4	7	14	1	0	2
c	049	22	8	2	3	2	1.0	2	11	11	4	4	9	17	1	0	3
c	050	21	5	0	3	3	0.7777777777777778	1	7	8	7	6	7	7	1	0	0
c	051	35	8	1	3	5	0.9285714285714286	1	17	16	8	8	8	18	1	0	0
c	052	28	8	1	4	3	0.7857142857142857	2	11	10	8	7	11	17	1	0	2
c	053	8	1	0	1	2	0.75	1	3	3	3	2	1	3	1	0	0
c	054	32	6	0	5	6	0.7857142857142857	1	10	9	7	8	12	15	1	0	3
c	055	29	5	1	4	5	0.8333333333333334	2	12	12	7	5	5	12	1	0	0
c	056	37	5	0	4	6	0.9230769230769231	1	14	14	7	5	5	14	1	0	0
c	057	18	6	1	3	1	0.8	2	7	7	5	5	8	13	1	0	2
c	058	33	5	1	6	8	0.8461538461538461	1	9	8	7	7	9	8	1	0	0
c	059	28	5	1	3	5	0.75	2	9	9	7	5	5	9	1	0	0
c	060	20	7	3	2	2	1.1111111111111112	2	11	12	5	4	7	14	1	0	2
c	061	33	4	0	6	6	0.8333333333333334	0	9	9	7	7	8	9	1	0	0
c	062	24	5	0	3	5	0.6666666666666666	1	8	7	6	5	5	7	1	0	0
c	063	23	3	0	4	5	0.6666666666666666	0	5	6	7	7	7	4	1	0	0
c	064	27	5	0	3	3	0.8181818181818182	1	10	11	7	6	6	10	1	0	0
c	065	28	6	2	3	3	1.1818181818181819	2	15	14	4	4	6	18	1	0	2
c	066	20	8	0	2	1	0.7	2	11	11	8	8	8	12	1	0	0
c	067	35	6	0	5	5	0.75	1	8	9	9	9	14	16	1	0	1
c	068	24	10	2	3	2	0.8461538461538461	2	11	11	6	6	10	17	1	0	3
c	069	52	0	0	8	9	0.8333333333333334	0	10	10	6	6	0	2	1	0	0
c	070	42	7	1	3	5	1.0	2	21	21	9	8	7	21	1	0	0
c	071	23	6	1	3	3	0.8181818181818182	2	9	10	7	6	8	13	1	0	0
c	072	23	3	0	4	2	1.0	2	10	11	5	4	5	14	1	0	0
c	073	28	2	0	5	6	0.8	0	7	6	6	7	7	6	1	0	0
c	074	23	5	0	4	2	1.0	2	10	11	6	5	8	15	1	0	1
c	075	25	6	1	2	1	0.9090909090909091	2	14	14	8	6	6	17	1	0	0
c	076	23	5	0	3	3	0.7272727272727273	2	8	6	7	6	10	12	1	0	2
c	077	30	7	0	2	3	0.9230769230769231	2	16	16	6	6	7	19	1	0	0
c	078	17	5	1	2	0	1.0	2	7	7	2	2	9	15	1	0	6
c	079	23	7	1	2	1	0.8333333333333334	2	11	12	6	5	7	17	1	0	2
c	080	19	7	1	2	3	0.6363636363636364	2	6	7	7	7	10	9	1	0	0
c	081	21	5	1	2	2	0.8888888888888888	2	10	11	6	5	5	11	1	0	0
c	082	28	5	0	5	4	0.8333333333333334	0	9	9	7	9	12	12	1	0	2
c	083	30	8	0	4	4	0.7857142857142857	1	12	12	6	6	8	16	1	0	2
c	084	21	9	0	2	3	0.6666666666666666	1	8	9	6	7	11	11	1	0	2
c	085	41	2	0	7	8	0.8	2	8	9	10	11	12	10	1	0	0
c	086	46	0	0	6	9	0.9	0	10	10	6	6	0	0	1	0	0
c	087	26	3	2	4	5	1.1111111111111112	1	10	10	5	3	3	11	1	0	0
c	088	28	11	1	2	3	0.8461538461538461	2	16	15	9	8	11	16	1	0	0
c	089	39	3	1	3	8	0.9333333333333333	2	15	13	5	4	4	16	1	0	0
c	090	33	1	0	2	7	0.8461538461538461	2	10	10	3	2	1	10	1	0	0
c	091	37	6	0	4	5	0.9285714285714286	0	14	13	6	8	10	16	1	0	2
c	092	33	8	0	6	3	0.9285714285714286	2	15	15	8	8	12	22	1	0	3
c	093	21	3	1	3	4	1.0	2	10	10	5	3	3	10	1	0	0
c	094	30	8	0	4	2	1.0	2	16	16	3	3	8	24	1	0	4
c	095	30	7	0	4	2	0.9285714285714286	2	12	12	7	7	13	21	1	0	4
c	096	45	4	0	7	10	0.9285714285714286	1	14	14	10	10	10	13	1	0	0
c	097	31	4	0	4	7	0.8181818181818182	0	10	10	6	6	4	7	1	0	0
c	098	32	5	0	3	2	1.2727272727272727	2	21	21	6	4	5	25	1	0	0
c	099	28	5	1	4	6	0.8333333333333334	0	10	10	6	6	6	10	1	0	0
d	000	43	1	1	8	6	0.5333333333333333	0	1	4	16	13	10	2	1	1	0
d	001	41	5	0	7	8	0.9166666666666666	2	8	9	9	12	8	8	1	1	0
d	002	42	0	0	7	7	0.6428571428571429	1	7	5	15	16	11	7	1	1	1
d	003	36	8	0	6	5	0.5333333333333333	1	6	8	14	14	12	7	1	1	0
d	004	48	7	1	8	6	0.6875	1	7	9	15	16	13	8	1	1	0
d	005	40	5	0	7	6	0.6	2	5	9	14	18	18	9	1	1	0
d	006	26	6	0	4	3	0.5	1	5	6	11	12	12	6	1	1	0
d	007	31	4	1	6	6	0.5833333333333334	1	3	4	9	12	10	3	1	1	0
d	008	25	7	0	4	3	0.5	1	5	6	10	12	11	6	1	1	0
d	009	33	6	0	5	5	0.6153846153846154	1	8	8	11	13	12	8	1	1	0
d	010	34	6	0	7	5	0.5333333333333333	1	5	7	12	17	15	8	1	1	1
d	011	33	5	0	4	5	0.5714285714285714	1	5	8	10	13	12	7	1	1	0
d	012	31	7	2	5	4	0.6428571428571429	2	6	6	11	14	15	10	1	1	1
d	013	43	2	4	6	5	0.8571428571428571	2	9	13	12	12	8	11	1	1	0
d	014	33	7	0	2	2	0.5714285714285714	1	11	12	16	17	17	12	1	1	0
d	015	38	0	0	6	5	0.4166666666666667	0	4	5	11	12	2	0	1	1	0
d	016	30	7	0	3	3	0.4666666666666667	1	7	6	15	16	17	9	1	1	0
d	017	26	7	0	4	3	0.5384615384615384	1	7	5	11	12	13	9	1	1	0
d	018	51	5	1	9	7	0.5882352941176471	0	7	10	15	19	11	9	1	1	0
d	019	61	0	0	8	9	0.6428571428571429	0	7	7	9	13	0	0	1	1	0
d	020	27	6	0	4	4	0.5	1	5	5	10	12	11	5	1	1	0
d	021	29	5	1	4	4	0.6153846153846154	1	3	6	12	14	17	6	1	1	1
d	022	27	6	1	5	4	0.5833333333333334	1	3	5	10	10	11	4	1	1	0
d	023	38	5	0	8	6	0.6153846153846154	1	8	6	13	14	10	7	1	1	0
d	024	40	6	0	9	5	0.625	1	8	8	16	18	20	10	1	1	1
d	025	51	4	0	8	9	0.8666666666666667	2	11	13	12	14	12	12	1	1	0
d	026	27	6	1	5	3	0.7272727272727273	1	3	6	9	9	9	5	1	1	0
d	027	45	9	1	6	5	0.6666666666666666	1	8	11	17	17	18	11	1	2	0
d	028	24	6	0	5	3	0.5833333333333334	1	5	4	8	10	11	8	1	1	1
d	029	33	0	0	5	6	1.0	0	9	9	7	8	4	8	1	1	0
d	030	22	6	0	3	3	0.6363636363636364	1	7	6	9	9	11	9	1	1	0
d	031	26	6	0	5	4	0.5	1	5	5	10	12	11	5	1	1	0
d	032	20	8	0	2	2	0.3333333333333333	1	3	4	11	12	12	4	1	1	0
d	033	30	5	0	5	3	0.75	1	8	9	9	11	11	11	1	1	0
d	034	32	4	0	6	5	0.6923076923076923	0	7	6	10	10	11	12	1	1	1
d	035	39	6	0	8	9	0.6428571428571429	1	5	6	12	14	13	4	1	1	0
d	036	44	6	0	9	8	0.6	2	6	8	14	16	13	6	1	1	0
d	037	27	5	0	6	5	0.5833333333333334	1	5	5	9	11	11	7	1	1	0
d	038	31	4	1	6	7	0.9	1	6	9	7	8	7	8	1	1	0
d	039	30	7	0	3	3	0.5714285714285714	1	9	7	13	14	16	11	1	1	1
d	040	30	6	0	5	3	0.4666666666666667	1	2	2	12	16	19	7	1	1	4
d	041	34	7	0	5	6	0.4375	0	5	4	14	13	14	5	1	1	0
d	042	26	6	0	4	3	0.5	1	5	6	11	12	12	6	1	1	0
d	043	27	8	0	3	3	0.5	1	4	6	12	14	16	7	1	1	0
d	044	29	7	0	5	5	0.5714285714285714	1	6	6	11	12	15	9	1	1	1
d	045	32	7	0	4	4	0.5	1	5	6	11	12	11	6	1	1	0
d	046	32	9	0	2	5	0.5	1	6	6	15	17	23	10	1	2	2
d	047	48	4	0	9	9	0.8	2	7	11	13	14	12	9	1	1	0
d	048	43	6	0	9	7	0.6	1	8	7	15	16	11	7	1	1	0
d	049	22	6	0	2	2	0.38461538461538464	1	2	2	10	14	16	6	1	1	2
d	050	31	4	1	5	4	0.5833333333333334	0	5	8	10	11	9	7	1	1	0
d	051	46	6	0	9	6	0.6666666666666666	1	8	9	15	17	12	8	1	1	0
d	052	28	9	0	4	5	0.4666666666666667	2	6	6	15	13	15	7	1	0	0
d	053	35	8	0	6	6	0.4666666666666667	1	5	4	13	13	12	4	1	1	0
d	054	29	8	0	3	2	0.5714285714285714	1	8	9	12	14	15	12	1	1	0
d	055	36	4	1	7	6	0.6666666666666666	2	4	5	16	16	22	6	1	1	0
d	056	23	7	0	2	2	0.38461538461538464	1	4	4	11	15	15	6	1	1	0
d	057	27	6	0	5	5	0.46153846153846156	1	4	3	10	12	12	4	1	1	0
d	058	37	9	0	7	5	0.47058823529411764	1	5	5	13	14	12	5	1	1	0
d	059	29	4	0	5	5	0.6363636363636364	1	5	6	9	10	9	6	1	1	0
d	060	36	6	0	7	5	0.6	1	7	8	15	17	19	10	1	1	1
d	061	56	0	0	8	8	0.5714285714285714	0	6	6	10	14	0	0	1	1	0
d	062	25	7	0	4	5	0.5384615384615384	1	4	5	10	10	13	7	1	1	1
d	063	25	4	0	5	4	0.7	1	6	6	9	10	9	7	1	1	0
d	064	28	1	1	4	4	0.5454545454545454	0	3	3	9	8	5	3	1	1	0
d	065	40	2	0	8	6	0.5	1	2	6	10	11	6	3	1	1	0
d	066	25	5	1	5	4	0.7	1	3	5	8	7	7	3	1	1	0
d	067	41	4	0	8	6	0.9166666666666666	1	7	8	8	12	8	6	1	1	0
d	068	47	0	0	8	5	0.4375	0	5	5	16	16	3	5	1	1	0
d	069	39	6	3	7	4	0.7692307692307693	2	9	12	15	14	10	10	1	1	0
d	070	36	6	0	7	7	0.6153846153846154	2	5	6	10	13	10	5	1	1	0
d	071	25	5	0	4	5	0.45454545454545453	1	3	3	9	10	9	1	1	1	0
d	072	23	7	0	4	3	0.4166666666666667	1	3	4	10	12	11	4	1	1	0
d	073	27	9	0	4	2	0.5384615384615384	1	7	8	10	13	11	8	1	1	0
d	074	30	8	0	3	2	0.4666666666666667	1	8	7	16	17	18	10	1	1	0
d	075	30	3	0	5	6	0.8888888888888888	2	6	8	6	8	6	7	1	1	0
d	076	41	6	0	5	5	0.625	1	10	11	17	18	19	12	1	1	0
d	077	27	7	0	4	4	0.46153846153846156	1	5	6	12	13	13	6	1	1	0
d	078	29	6	0	3	3	0.42857142857142855	1	6	5	14	17	17	7	1	1	0
d	079	49	2	0	7	9	0.7333333333333333	0	5	8	10	10	8	6	1	1	0
d	080	24	6	0	3	3	0.46153846153846156	1	5	4	12	13	15	7	1	1	0
d	081	28	5	0	6	4	0.5454545454545454	1	4	4	10	11	8	4	1	1	0
d	082	29	6	0	5	5	0.6153846153846154	1	5	6	10	12	13	7	1	1	1
d	083	37	2	0	7	3	0.6428571428571429	1	5	6	11	13	10	10	1	1	3
d	084	21	3	0	4	2	0.6666666666666666	1	3	5	6	8	8	6	1	1	1
d	085	76	0	0	10	10	0.7142857142857143	0	7	7	10	14	0	0	1	1	0
d	086	27	6	0	3	3	0.42857142857142855	1	3	5	12	16	17	7	1	1	2
d	087	37	5	0	6	8	0.8333333333333334	2	8	8	9	11	9	7	1	1	0
d	088	37	6	0	5	5	0.5	1	6	4	13	15	13	6	1	1	0
d	089	30	7	1	4	3	0.5333333333333333	2	5	5	14	15	19	10	1	1	2
d	090	20	5	1	4	3	0.6666666666666666	1	3	5	8	7	7	5	1	1	0
d	091	36	7	0	5	5	0.4375	1	6	7	16	18	17	6	1	1	0
d	092	54	0	0	8	8	0.5714285714285714	0	6	6	11	13	0	0	1	1	0
d	093	26	4	0	5	3	0.6363636363636364	2	5	6	8	11	12	9	1	1	2
d	094	26	6	0	4	3	0.5	1	5	6	11	12	12	6	1	1	0
d	095	29	8	0	3	3	0.5333333333333333	1	7	7	13	14	17	11	1	1	2
d	096	28	5	0	3	3	0.46153846153846156	1	5	7	13	17	16	7	1	1	0
d	097	49	0	0	7	7	0.6428571428571429	0	8	9	11	14	2	7	1	1	0
d	098	26	5	0	4	5	0.5454545454545454	1	5	6	9	11	10	5	1	1	0
d	099	33	6	1	7	5	0.6923076923076923	2	5	5	11	12	13	7	1	1	0
e	000	23	1	0	3	6	0.6666666666666666	1	6	6	4	4	4	9	1	1	0
e	001	29	2	0	6	8	1.0	1	12	13	4	4	4	13	1	1	0
e	002	23	3	0	5	5	0.7777777777777778	2	8	9	6	5	8	13	1	0	2
e	003	39	3	0	7	11	1.0	1	16	17	4	4	6	23	1	1	2
e	004	36	1	0	7	8	0.8	0	11	11	7	6	6	11	1	1	0
e	005	42	5	0	5	11	0.9230769230769231	2	21	23	10	10	12	26	1	0	0
e	006	28	2	0	5	7	0.875	1	11	11	6	3	3	12	1	1	0
e	007	29	2	1	4	8	0.9	1	13	12	6	3	9	20	1	1	2
e	008	28	1	0	5	7	0.875	1	9	10	4	4	2	10	1	1	0
e	009	28	2	0	6	7	0.7777777777777778	0	8	9	5	6	6	10	1	1	0
e	010	40	1	0	7	10	1.1111111111111112	0	16	17	6	5	4	17	1	1	0
e	011	34	2	0	5	10	1.2222222222222223	0	17	18	4	3	3	21	1	1	0
e	012	23	1	0	5	6	1.1666666666666667	1	11	10	3	3	2	12	1	1	0
e	013	37	2	0	6	9	0.9	1	16	16	6	5	5	17	1	1	0
e	014	55	3	2	8	12	1.0	1	23	23	9	7	8	24	1	1	0
e	015	25	2	0	5	6	0.75	1	8	9	6	5	4	9	1	1	0
e	016	47	4	0	8	11	0.9166666666666666	0	16	19	7	7	6	17	1	1	0
e	017	39	0	0	8	9	1.125	0	14	15	5	6	5	13	1	1	0
e	018	42	0	0	8	11	1.2	1	19	18	5	5	4	20	1	1	0
e	019	32	0	1	5	8	0.75	0	9	9	5	7	9	14	1	1	2
e	020	26	3	0	3	7	0.7	1	11	12	8	5	9	15	1	1	0
e	021	33	2	0	8	8	0.8	1	8	11	5	4	5	12	1	1	0
e	022	51	3	0	8	12	0.9230769230769231	0	20	21	9	8	8	21	1	1	0
e	023	28	1	1	5	6	0.7777777777777778	0	6	9	4	7	8	10	1	1	1
e	024	27	0	0	6	6	0.6666666666666666	1	8	7	7	7	6	9	1	1	0
e	025	56	1	0	10	11	0.9230769230769231	1	16	13	6	10	6	10	1	1	0
e	026	59	1	1	11	12	1.0714285714285714	0	18	19	7	8	8	18	1	1	0
e	027	32	4	0	4	10	0.8333333333333334	1	12	13	5	4	12	22	1	1	5
e	028	35	3	0	5	10	1.0	2	17	17	6	6	9	20	1	0	2
e	029	32	1	0	6	7	0.7272727272727273	0	8	7	7	7	8	10	1	1	0
e	030	37	0	0	8	8	0.9	0	9	11	5	6	5	9	1	1	0
e	031	37	2	0	6	9	0.9090909090909091	0	13	16	7	7	10	16	1	1	0
e	032	73	0	0	11	10	0.7692307692307693	0	12	12	8	7	1	0	1	1	0
e	033	39	2	0	6	9	1.0	0	15	17	6	6	6	16	1	1	0
e	034	30	1	0	5	7	0.7777777777777778	0	8	7	5	4	3	9	1	1	0
e	035	69	1	1	9	10	0.9230769230769231	0	17	16	5	6	3	4	1	1	0
e	036	37	2	0	7	9	0.9	1	14	15	6	7	6	15	1	1	0
e	037	47	1	0	8	11	0.9166666666666666	0	16	17	7	6	6	17	1	1	0
e	038	47	1	0	8	11	0.8461538461538461	1	15	15	6	4	4	16	1	1	0
e	039	43	1	0	7	11	1.1	1	18	18	7	6	5	19	1	1	0
e	040	31	2	0	6	8	0.8888888888888888	1	11	11	6	4	4	12	1	1	0
e	041	34	3	0	5	9	1.0	0	16	16	4	5	10	23	1	1	2
e	042	32	3	2	7	7	0.9	1	10	10	7	4	6	12	1	1	0
e	043	46	2	0	6	12	1.0909090909090908	1	19	20	6	4	4	20	1	1	0
e	044	60	1	1	9	15	1.3846153846153846	1	29	29	7	9	7	32	1	1	0
e	045	32	1	0	8	7	0.7777777777777778	0	8	9	5	6	5	9	1	1	0
e	046	52	5	0	3	13	1.0833333333333333	1	33	33	14	12	13	34	1	1	0
e	047	28	1	1	6	7	0.8888888888888888	1	8	9	6	4	7	13	1	1	1
e	048	40	2	0	6	9	0.8181818181818182	0	10	16	7	6	4	12	1	1	0
e	049	37	3	0	6	9	0.75	0	12	12	7	5	6	14	1	1	0
e	050	38	2	0	5	11	0.9166666666666666	1	18	18	7	6	9	25	1	1	1
e	051	33	1	1	7	6	1.0	0	8	11	6	5	3	9	1	1	0
e	052	23	2	0	3	6	0.8571428571428571	1	11	11	6	4	4	12	1	1	0
e	053	30	1	1	6	7	1.0	0	10	9	6	3	6	13	1	1	1
e	054	33	1	1	6	8	0.9	0	11	9	5	5	6	12	1	1	0
e	055	48	1	2	7	11	1.1818181818181819	1	23	22	7	6	5	23	1	1	0
e	056	28	2	0	5	8	0.8888888888888888	1	12	12	5	4	6	16	1	1	1
e	057	50	4	0	8	12	1.0	1	22	24	9	8	8	23	1	1	0
e	058	35	1	1	6	9	1.25	1	16	17	4	4	2	17	1	1	0
e	059	29	2	1	4	7	1.0	2	14	14	6	5	8	20	1	0	2
e	060	41	2	0	7	9	0.7692307692307693	1	13	14	7	6	6	16	1	1	0
e	061	34	1	0	5	9	1.0	1	14	15	5	4	4	16	1	1	0
e	062	44	2	0	7	10	1.0	0	18	19	7	6	7	19	1	1	0
e	063	76	0	0	11	9	0.8181818181818182	0	12	13	9	6	0	0	1	1	0
e	064	36	2	0	6	9	0.9	0	11	13	5	6	5	12	1	1	0
e	065	35	2	0	7	9	0.8181818181818182	1	12	13	8	7	10	16	1	1	1
e	066	28	3	1	4	8	1.1111111111111112	1	14	15	3	3	8	23	1	1	4
e	067	36	3	0	6	9	1.2	1	20	19	4	3	6	26	1	1	2
e	068	25	3	0	5	6	0.75	1	8	10	6	5	4	9	1	1	0
e	069	26	0	0	5	7	1.1666666666666667	1	12	11	4	4	2	12	1	1	0
e	070	38	2	0	9	8	0.6666666666666666	0	9	8	8	6	7	9	1	1	0
e	071	43	2	0	7	10	0.9090909090909091	0	17	17	7	5	6	18	1	1	0
e	072	32	3	0	6	7	0.6363636363636364	1	7	9	7	5	7	8	1	1	0
e	073	37	3	0	6	9	0.6923076923076923	0	13	12	9	8	11	17	1	1	1
e	074	27	3	2	5	6	0.7272727272727273	1	7	8	7	5	9	11	1	1	1
e	075	51	4	0	3	13	1.1818181818181819	1	33	33	13	11	12	34	1	1	0
e	076	30	1	0	5	7	0.875	0	12	13	7	8	7	13	1	1	0
e	077	43	1	0	6	11	1.1	1	19	19	6	4	4	20	1	1	0
e	078	45	2	1	9	10	1.0	0	17	18	7	8	7	18	1	1	0
e	079	31	3	0	6	8	0.6666666666666666	1	10	11	8	8	12	17	1	1	1
e	080	34	3	0	7	9	0.75	0	13	13	7	7	11	21	1	1	3
e	081	37	4	0	4	11	0.9166666666666666	1	19	20	7	5	11	26	1	1	2
e	082	68	0	0	8	9	0.8181818181818182	0	18	18	11	9	0	0	1	1	0
e	083	31	2	0	4	8	0.8	2	14	13	9	10	9	15	1	0	0
e	084	25	0	1	4	6	0.875	1	9	9	6	5	6	12	1	2	0
e	085	35	0	0	6	9	1.0	1	14	12	5	6	5	13	1	1	0
e	086	42	5	0	5	12	1.0	2	22	22	8	8	14	31	1	0	3
e	087	30	1	1	6	8	1.1111111111111112	0	12	12	5	3	5	19	1	1	1
e	088	45	1	0	10	10	0.7692307692307693	0	13	14	9	8	9	17	1	1	0
e	089	39	3	0	6	8	0.5714285714285714	0	8	12	11	10	13	13	1	1	1
e	090	81	0	0	11	13	1.0833333333333333	0	18	19	5	5	0	0	1	1	0
e	091	35	3	0	4	10	0.9166666666666666	2	16	17	7	8	11	24	1	0	3
e	092	36	2	0	5	11	0.9166666666666666	1	15	15	5	4	13	26	1	2	5
e	093	28	2	0	6	7	0.7777777777777778	1	11	10	6	5	5	13	1	1	0
e	094	56	1	2	8	13	1.3333333333333333	1	27	26	7	7	7	27	1	1	0
e	095	27	2	0	3	7	1.125	2	16	16	6	6	9	20	1	0	1
e	096	37	1	1	5	9	1.1111111111111112	0	17	17	6	5	5	19	1	1	0
e	097	33	5	0	3	10	1.0	1	19	20	6	8	10	22	1	1	1
e	098	39	5	2	6	8	1.0833333333333333	1	17	18	7	7	10	23	1	0	3
e	099	28	2	0	5	8	0.8	1	12	12	5	4	7	17	1	1	1
f	000	23	4	1	4	3	0.7272727272727273	1	6	5	7	8	7	6	1	0	0
f	001	22	11	3	1	2	0.5	3	6	6	10	10	11	8	1	0	0
f	002	23	9	3	3	3	0.6923076923076923	3	7	7	7	7	9	9	1	0	0
f	003	21	7	3	2	3	0.5	3	4	5	9	8	9	6	1	0	0
f	004	59	0	0	7	8	0.75	0	9	9	11	11	0	0	1	0	0
f	005	20	9	2	2	2	0.5	4	6	5	9	8	9	7	1	0	0
f	006	29	7	2	3	4	0.75	2	11	9	8	8	9	11	1	0	0
f	007	16	11	3	1	1	0.38461538461538464	2	1	2	9	9	13	5	1	0	1
f	008	31	10	3	4	2	0.8	3	12	12	10	9	14	18	1	0	2
f	009	17	6	1	2	2	0.5	1	5	2	9	6	8	4	1	0	0
f	010	31	9	2	3	4	0.8461538461538461	2	15	14	9	9	10	14	1	0	0
f	011	21	8	4	4	2	0.6666666666666666	2	5	4	9	8	10	7	1	0	0
f	012	16	5	4	2	2	0.875	4	6	5	5	4	5	7	1	0	0
f	013	26	11	4	2	2	0.6428571428571429	3	11	10	13	10	11	11	1	0	0
f	014	24	11	5	2	2	0.6428571428571429	3	7	7	10	10	11	8	1	0	0
f	015	22	9	2	2	2	0.5833333333333334	4	8	7	9	8	9	9	1	0	0
f	016	73	0	1	12	10	0.8666666666666667	0	15	16	11	8	0	1	1	0	0
f	017	26	9	6	3	3	0.7692307692307693	4	9	7	11	11	12	9	1	0	0
f	018	22	11	5	2	1	0.6153846153846154	4	8	7	11	10	11	9	1	0	0
f	019	18	10	0	2	2	0.23076923076923078	2	4	3	13	11	12	3	1	0	0
f	020	22	8	1	3	3	0.6363636363636364	2	9	8	10	7	9	9	1	0	0
f	021	25	3	2	4	4	0.9	4	9	8	5	4	3	10	1	0	0
f	022	26	10	2	2	2	0.6923076923076923	4	11	11	9	9	10	13	1	0	0
f	023	24	13	5	1	2	0.6	4	8	7	11	10	13	10	1	0	0
f	024	21	8	4	2	1	0.6666666666666666	4	6	7	9	9	12	10	1	0	0
f	025	32	6	0	3	5	0.5	2	9	6	11	10	7	7	1	0	0
f	026	55	0	0	4	8	0.6	0	13	13	14	12	0	0	1	0	0
f	027	31	12	0	2	3	0.7142857142857143	2	16	16	12	10	12	16	1	0	0
f	028	33	8	1	3	5	0.7857142857142857	3	13	13	8	8	8	14	1	0	0
f	029	27	7	5	3	4	0.8333333333333334	3	9	9	7	7	7	10	1	0	0
f	030	30	1	1	4	5	0.5833333333333334	2	6	5	12	12	11	5	1	0	0
f	031	24	6	5	3	4	1.0	3	9	9	6	5	6	10	1	0	0
f	032	16	6	0	2	1	0.5555555555555556	2	6	5	8	7	8	6	1	0	0
f	033	35	12	2	3	5	0.6666666666666666	3	12	11	13	12	12	6	1	0	0
f	034	32	6	5	5	4	0.8571428571428571	4	11	9	9	7	8	13	1	1	0
f	035	23	11	4	2	1	0.5333333333333333	3	6	6	13	11	15	10	1	0	2
f	036	21	6	5	4	2	0.8181818181818182	3	4	4	8	7	10	6	1	0	0
f	037	26	10	2	3	2	0.5714285714285714	3	9	8	13	10	12	11	1	0	0
f	038	26	9	3	3	3	0.6923076923076923	3	8	7	9	8	9	9	1	0	0
f	039	21	7	1	3	3	0.4166666666666667	3	5	3	13	11	12	4	1	0	0
f	040	28	8	4	3	2	0.7692307692307693	3	10	8	12	12	13	10	1	0	0
f	041	16	3	3	2	3	1.0	3	6	6	5	4	3	6	1	0	0
f	042	30	6	4	4	3	1.0	2	10	8	8	8	9	10	1	0	0
f	043	26	8	3	3	3	0.75	3	9	7	9	9	10	9	1	0	0
f	044	20	7	2	2	1	0.6363636363636364	3	7	7	10	8	11	10	1	0	1
f	045	33	4	3	5	5	1.0833333333333333	3	11	11	6	7	6	12	1	0	0
f	046	27	9	3	2	2	0.8333333333333334	4	13	12	9	8	9	14	1	0	0
f	047	32	10	5	3	5	0.9375	4	11	12	6	8	15	19	1	0	2
f	048	32	7	2	3	4	0.6428571428571429	3	11	10	12	9	7	10	1	0	0
f	049	16	4	4	2	3	0.875	4	5	4	4	4	4	6	1	0	0
f	050	27	7	4	2	4	0.8333333333333334	4	9	10	9	10	11	10	1	0	0
f	051	25	11	2	2	1	0.6428571428571429	3	10	10	11	9	13	14	1	0	2
f	052	20	6	1	3	2	0.5454545454545454	1	4	4	9	8	8	4	1	0	0
f	053	44	6	5	4	6	0.7647058823529411	3	14	14	7	9	6	13	1	0	0
f	054	19	7	3	2	2	0.7	4	7	6	7	6	7	8	1	0	0
f	055	24	11	1	3	2	0.4666666666666667	2	6	6	12	10	12	8	1	0	1
f	056	22	7	4	2	2	0.7272727272727273	4	8	7	8	7	7	9	1	0	0
f	057	25	10	4	3	3	0.6428571428571429	3	6	5	10	10	12	6	1	0	0
f	058	30	7	4	3	2	0.9285714285714286	4	12	12	8	7	13	19	1	0	2
f	059	22	8	0	2	3	0.38461538461538464	3	6	4	10	9	8	5	1	0	0
f	060	41	0	0	4	6	0.5833333333333334	0	9	9	11	9	0	0	1	0	0
f	061	18	7	1	2	3	0.45454545454545453	2	5	4	9	7	9	5	1	0	0
f	062	38	0	0	4	5	0.5	0	8	7	12	9	0	0	1	0	0
f	063	22	7	1	3	3	0.5833333333333334	3	6	6	10	9	10	6	1	0	0
f	064	27	10	3	1	2	0.6	4	8	8	12	11	16	12	1	0	2
f	065	19	9	0	2	1	0.45454545454545453	3	8	7	11	8	9	8	1	0	0
f	066	25	8	1	3	2	0.6666666666666666	3	10	9	11	8	10	12	1	0	0
f	067	21	9	5	2	2	0.6666666666666666	4	7	6	9	8	9	8	1	0	0
f	068	23	9	3	2	2	0.6923076923076923	3	8	8	10	8	11	12	1	0	0
f	069	18	10	1	2	1	0.4166666666666667	3	6	6	11	9	10	7	1	0	0
f	070	22	9	4	2	2	0.6666666666666666	4	8	7	9	8	9	9	1	0	0
f	071	53	2	1	11	9	1.0	0	14	15	11	13	12	16	1	0	0
f	072	24	11	1	3	2	0.4	2	5	3	14	12	13	4	1	0	0
f	073	28	9	4	4	3	0.7142857142857143	4	8	6	11	11	13	8	1	0	0
f	074	33	3	3	3	6	0.9166666666666666	2	11	14	5	7	3	13	1	0	0
f	075	24	10	1	2	2	0.5	3	8	7	12	9	12	11	1	0	0
f	076	21	10	6	3	2	0.6923076923076923	2	5	5	9	9	11	7	1	0	0
f	077	25	10	3	2	2	0.5714285714285714	2	8	6	11	11	12	8	1	0	0
f	078	21	10	3	1	1	0.5384615384615384	4	6	6	10	10	12	9	1	0	0
f	079	53	4	7	5	9	1.0625	2	25	22	5	8	5	23	1	0	0
f	080	24	10	2	3	2	0.6923076923076923	2	9	9	10	8	11	11	1	0	1
f	081	16	8	4	2	1	0.5454545454545454	2	3	3	8	8	10	6	1	0	0
f	082	26	4	1	3	4	0.6363636363636364	3	8	6	7	6	5	8	1	0	0
f	083	17	9	0	1	2	0.3333333333333333	2	4	4	10	8	9	5	1	0	0
f	084	21	12	3	1	1	0.5	4	6	6	10	10	12	9	1	0	1
f	085	28	8	2	3	3	0.7692307692307693	3	11	11	8	8	9	14	1	0	0
f	086	29	10	2	3	2	0.6	4	9	11	9	10	10	12	1	0	0
f	087	56	0	0	8	8	0.6	0	9	8	15	11	0	0	1	0	0
f	088	29	9	4	3	3	0.7142857142857143	4	9	7	12	12	13	9	1	0	0
f	089	19	8	2	2	2	0.5454545454545454	3	7	6	10	7	8	7	1	0	0
f	090	22	10	5	2	1	0.6923076923076923	3	7	6	9	10	12	9	1	0	1
f	091	18	11	1	2	2	0.38461538461538464	3	5	5	11	9	11	6	1	0	0
f	092	31	6	3	3	4	0.8461538461538461	3	10	8	11	11	12	9	1	0	0
f	093	25	9	3	3	2	0.6923076923076923	3	8	6	10	10	12	8	1	0	0
f	094	21	7	4	2	3	0.7272727272727273	4	7	6	7	7	7	8	1	0	0
f	095	34	8	3	3	4	0.8571428571428571	2	14	12	10	11	11	14	1	0	0
f	096	42	5	5	7	6	1.0714285714285714	3	18	19	7	7	10	24	1	0	2
f	097	14	10	1	0	1	0.25	2	2	2	11	9	10	3	1	0	0
f	098	19	9	2	2	2	0.38461538461538464	2	3	2	11	12	13	4	1	0	0
f	099	17	5	3	2	3	0.7777777777777778	2	3	4	4	5	5	4	1	0	0
g	000	40	2	1	9	8	0.7692307692307693	0	9	10	8	9	8	13	1	1	1
g	001	37	4	0	6	8	0.8333333333333334	2	14	14	9	9	9	14	1	0	0
g	002	36	3	0	6	7	0.5384615384615384	1	8	11	9	13	11	11	1	1	1
g	003	31	6	0	5	6	0.4	1	5	7	15	14	19	10	1	1	3
g	004	33	3	0	7	7	0.5833333333333334	0	8	8	7	9	10	10	1	1	1
g	005	40	3	0	8	8	0.6666666666666666	1	9	9	8	10	7	9	1	1	0
g	006	59	3	0	10	12	0.8125	0	18	20	13	12	11	19	1	1	0
g	007	54	1	0	9	10	0.7857142857142857	0	16	16	9	13	8	16	1	1	0
g	008	32	4	1	7	5	0.6666666666666666	0	6	5	8	8	9	7	1	1	0
g	009	27	6	0	6	6	0.46153846153846156	1	6	6	10	11	14	11	1	1	3
g	010	44	4	2	8	10	1.0	3	20	22	6	10	9	25	1	0	1
g	011	44	1	0	7	9	0.9090909090909091	0	13	15	8	8	7	13	1	1	0
g	012	33	2	0	6	7	0.7	0	8	11	8	7	7	10	1	1	0
g	013	53	2	1	10	10	0.6875	0	11	14	10	14	13	15	1	1	0
g	014	33	4	0	5	7	0.4666666666666667	0	5	8	12	14	17	13	1	1	3
g	015	64	1	0	12	12	0.75	1	19	22	15	17	15	20	1	1	0
g	016	38	0	0	6	7	0.7	1	13	13	9	11	3	13	1	1	0
g	017	43	2	1	9	8	0.6	1	10	11	16	16	17	13	1	1	0
g	018	39	3	1	7	9	0.7142857142857143	3	11	13	10	13	16	19	1	0	3
g	019	42	2	0	5	8	0.8333333333333334	1	18	18	14	14	14	19	1	1	0
g	020	36	2	0	6	7	0.5833333333333334	0	8	9	11	12	12	10	1	1	0
g	021	29	4	0	5	7	0.6363636363636364	1	10	11	9	7	11	15	1	1	2
g	022	42	2	1	8	7	0.5333333333333333	0	8	8	11	15	12	11	1	1	0
g	023	30	6	0	5	5	0.6153846153846154	1	10	11	8	11	11	14	1	0	2
g	024	50	2	0	11	10	0.7692307692307693	0	12	15	10	11	9	13	1	1	0
g	025	53	0	0	9	8	0.6666666666666666	0	8	8	8	12	0	0	1	1	0
g	026	27	5	3	5	6	0.8333333333333334	1	8	9	7	7	13	14	1	1	2
g	027	60	5	0	3	14	0.9333333333333333	0	34	35	18	19	19	35	1	1	0
g	028	22	3	1	4	4	0.5555555555555556	0	4	6	6	8	8	6	1	1	0
g	029	34	4	0	5	6	0.4	0	6	6	15	16	18	9	1	1	1
g	030	37	2	0	8	7	0.5384615384615384	1	7	8	12	13	13	8	1	1	0
g	031	38	5	0	8	8	0.7142857142857143	1	12	12	13	13	21	19	1	1	4
g	032	37	1	1	8	9	0.7692307692307693	1	10	9	7	10	12	19	1	2	0
g	033	39	3	0	8	9	0.6428571428571429	1	9	10	11	12	14	15	1	1	2
g	034	34	6	0	5	8	0.5714285714285714	2	10	12	12	10	14	14	1	0	1
g	035	46	2	0	8	10	0.7142857142857143	0	12	14	10	11	12	15	1	2	1
g	036	44	2	0	8	8	0.6923076923076923	1	12	12	7	12	7	13	1	1	0
g	037	30	3	0	6	7	0.5833333333333334	1	6	9	8	7	10	11	1	1	1
g	038	27	2	0	6	5	0.5	0	6	5	6	9	7	6	1	1	0
g	039	42	2	2	8	9	0.9230769230769231	2	15	15	13	14	19	17	1	0	0
g	040	29	3	1	6	5	0.5454545454545454	0	7	6	8	10	9	7	1	1	0
g	041	33	4	0	6	7	0.5833333333333334	1	10	12	10	13	12	12	1	1	0
g	042	33	3	0	4	7	0.5714285714285714	1	7	8	10	14	16	13	1	1	1
g	043	44	2	0	6	10	0.7692307692307693	0	16	17	10	12	13	18	1	1	1
g	044	50	5	0	10	9	0.6	1	14	16	16	18	14	16	1	1	0
g	045	37	3	1	8	7	0.6428571428571429	0	8	6	10	10	15	11	1	1	1
g	046	51	0	0	15	4	0.4666666666666667	0	3	4	11	12	1	0	1	0	0
g	047	39	4	0	7	9	0.75	1	15	15	7	9	7	17	1	1	0
g	048	35	3	0	7	7	0.6153846153846154	0	7	9	9	11	13	12	1	1	1
g	049	26	2	1	4	6	0.7	1	9	9	7	10	12	14	1	1	1
g	050	25	3	1	5	4	0.45454545454545453	1	5	5	8	10	9	5	1	1	0
g	051	33	3	0	6	7	0.5384615384615384	1	9	9	11	12	15	13	1	1	2
g	052	30	3	0	5	6	0.5	1	5	8	7	11	10	8	1	1	1
g	053	44	1	0	9	8	0.6923076923076923	0	6	7	8	9	7	6	1	1	0
g	054	30	1	0	6	6	0.875	0	9	9	5	6	4	8	1	1	0
g	055	43	2	0	7	8	0.6923076923076923	1	12	15	10	12	10	13	1	1	0
g	056	40	3	1	6	10	0.8461538461538461	1	14	15	9	11	18	22	1	1	4
g	057	33	1	1	8	6	0.7272727272727273	2	8	9	9	10	9	9	1	0	0
g	058	44	0	0	4	4	0.5714285714285714	0	8	7	12	11	0	0	1	0	0
g	059	39	1	0	8	8	0.6666666666666666	1	8	9	10	10	10	9	1	1	0
g	060	35	4	0	6	6	0.46153846153846156	1	8	9	11	14	12	9	1	1	0
g	061	42	1	1	8	8	0.9	0	17	16	8	7	7	19	1	2	0
g	062	37	2	3	8	7	0.8333333333333334	1	12	9	7	9	10	13	1	1	2
g	063	33	2	0	7	6	0.6363636363636364	0	7	9	10	10	10	7	1	1	0
g	064	29	2	0	8	4	0.45454545454545453	0	4	4	9	11	8	3	1	1	0
g	065	37	4	1	8	8	0.7692307692307693	1	13	10	9	12	13	15	1	1	0
g	066	25	2	1	6	5	0.6666666666666666	1	7	6	7	7	7	7	1	1	1
g	067	26	3	0	4	5	0.5	0	6	7	7	9	9	6	1	1	0
g	068	26	0	1	6	6	0.875	1	8	5	3	5	3	7	1	1	0
g	069	52	1	0	9	9	0.5625	1	10	13	15	16	16	12	1	2	0
g	070	43	3	0	10	10	0.7142857142857143	0	12	12	7	11	13	18	1	1	2
g	071	34	2	0	8	7	0.6363636363636364	0	8	8	7	8	6	8	1	1	0
g	072	25	2	0	5	5	0.5555555555555556	0	5	7	6	8	7	6	1	1	0
g	073	55	0	0	15	5	0.5333333333333333	0	5	6	11	12	1	0	1	0	0
g	074	30	2	0	7	6	0.5454545454545454	1	5	6	7	9	7	7	1	1	0
g	075	34	2	0	7	7	0.7272727272727273	2	9	11	8	10	9	11	1	0	0
g	076	20	3	0	3	4	0.5555555555555556	1	6	3	6	8	8	6	1	1	0
g	077	31	4	1	6	6	0.7272727272727273	0	9	8	7	8	8	9	1	1	0
g	078	29	5	0	4	6	0.6666666666666666	1	11	12	8	10	13	17	1	1	1
g	079	33	4	0	7	7	1.0	2	13	13	5	7	7	16	1	0	2
g	080	42	2	0	6	10	0.7142857142857143	1	14	13	9	13	15	20	1	1	1
g	081	40	2	0	7	8	0.6153846153846154	0	9	12	10	12	14	12	1	1	1
g	082	20	3	0	5	5	0.625	1	5	6	5	6	5	7	1	1	0
g	083	36	3	0	6	7	0.5	1	6	9	13	15	18	10	1	1	1
g	084	21	4	0	3	4	0.4	1	5	5	7	9	8	6	1	1	0
g	085	22	4	1	4	4	0.45454545454545453	0	5	4	8	11	11	7	1	1	0
g	086	83	0	0	13	12	0.8666666666666667	0	13	13	7	8	0	0	1	1	0
g	087	31	4	1	5	7	0.5714285714285714	1	7	7	10	11	16	13	1	1	1
g	088	42	2	0	8	9	0.6428571428571429	1	10	12	13	14	17	13	1	1	1
g	089	48	3	0	7	9	0.7142857142857143	0	16	15	12	13	12	16	1	1	0
g	090	31	3	0	6	6	0.5	1	5	7	8	11	9	6	1	1	0
g	091	46	4	0	7	8	0.5	0	10	9	10	12	12	8	1	1	0
g	092	36	2	0	6	7	0.5833333333333334	0	10	11	11	13	13	12	1	1	0
g	093	35	8	0	6	8	0.5625	1	9	10	11	13	17	15	1	1	2
g	094	35	4	0	6	7	0.5714285714285714	0	8	9	11	10	15	11	1	1	1
g	095	45	2	0	6	9	0.6	0	11	12	12	13	17	13	1	1	1
g	096	32	2	0	7	6	0.7	0	8	9	5	8	5	8	1	1	0
g	097	34	1	2	7	7	0.75	1	8	8	7	9	13	14	1	1	1
g	098	31	4	0	5	6	0.42857142857142855	1	4	6	11	13	16	9	1	1	2
g	099	38	4	0	7	7	0.5384615384615384	0	9	11	11	11	9	10	1	1	0
h	000	30	6	2	5	4	0.5333333333333333	1	3	3	18	15	16	2	1	0	0
h	001	37	0	2	6	4	0.8	0	6	4	14	11	0	2	1	0	0
h	002	32	5	2	6	3	0.6923076923076923	2	5	4	17	15	15	2	1	0	0
h	003	25	6	3	3	3	0.5833333333333334	3	5	3	15	13	13	3	1	0	0
h	004	43	6	2	8	5	0.6111111111111112	2	5	2	23	21	20	2	1	2	0
h	005	29	6	3	6	4	0.5714285714285714	2	4	4	17	16	15	3	1	0	0
h	006	26	6	1	3	3	0.46153846153846156	3	4	2	17	15	16	1	1	0	0
h	007	21	6	1	3	2	0.5454545454545454	3	3	2	12	10	11	1	1	0	0
h	008	29	8	3	3	2	0.4375	3	5	3	21	20	21	3	1	0	0
h	009	24	4	3	2	2	0.6363636363636364	3	5	3	15	13	14	3	1	0	0
h	010	34	7	4	5	4	0.47058823529411764	3	5	4	24	22	22	4	1	1	0
h	011	28	5	5	5	4	0.7692307692307693	3	4	3	15	15	18	5	1	0	2
h	012	27	8	4	1	2	0.4375	3	4	4	21	19	22	4	1	0	0
h	013	40	5	4	6	4	0.75	3	7	4	21	19	19	4	1	0	0
h	014	27	5	4	5	3	0.6153846153846154	3	4	3	18	16	17	4	1	0	0
h	015	27	7	4	2	2	0.5	3	6	4	19	17	18	4	1	0	0
h	016	24	6	4	1	2	0.46153846153846156	3	5	4	18	17	18	4	1	0	0
h	017	28	4	5	5	3	0.6153846153846154	3	4	3	18	18	19	5	1	0	2
h	018	58	0	0	9	7	0.6	0	6	4	20	17	0	0	1	0	0
h	019	22	5	2	2	2	0.5454545454545454	3	4	2	14	12	13	2	1	0	0
h	020	43	0	0	7	6	0.8	0	6	4	14	11	0	0	1	0	0
h	021	34	8	2	6	5	0.6	1	5	3	15	14	12	2	1	0	0
h	022	23	6	5	1	2	0.5833333333333334	3	6	5	16	15	16	5	1	0	0
h	023	25	7	6	3	2	0.6923076923076923	2	6	5	16	14	16	6	1	0	0
h	024	20	6	4	2	2	0.6363636363636364	3	4	3	13	10	13	4	1	0	0
h	025	15	5	2	1	2	0.4444444444444444	3	3	2	11	10	11	2	1	0	0
h	026	26	6	5	2	2	0.4666666666666667	3	3	3	20	18	21	5	1	0	1
h	027	24	5	3	3	2	0.6666666666666666	3	4	3	14	13	15	3	1	0	0
h	028	26	5	0	4	3	0.38461538461538464	3	2	2	17	13	15	1	1	0	0
h	029	28	6	2	3	3	0.5714285714285714	2	4	2	16	14	15	2	1	0	0
h	030	24	6	1	2	2	0.38461538461538464	3	3	2	17	15	16	1	1	0	0
h	031	24	6	1	3	2	0.46153846153846156	3	2	2	16	15	17	1	1	0	0
h	032	25	7	1	3	2	0.46153846153846156	3	4	2	16	14	15	1	1	0	0
h	033	29	6	4	5	3	0.5714285714285714	1	4	3	18	16	15	4	1	0	0
h	034	20	5	2	2	2	0.5454545454545454	3	3	2	14	11	14	2	1	0	0
h	035	28	6	4	3	3	0.5714285714285714	3	5	4	18	17	18	4	1	0	0
h	036	18	2	2	3	3	0.625	2	3	3	11	7	8	3	1	0	0
h	037	22	4	5	4	2	0.8	3	5	4	14	12	14	5	1	0	1
h	038	37	7	1	7	5	0.625	2	4	3	18	18	17	1	1	0	0
h	039	29	6	6	4	2	0.6666666666666666	3	4	3	19	17	21	6	1	0	2
h	040	26	8	4	3	2	0.4666666666666667	3	4	3	19	17	19	4	1	0	1
h	041	37	6	1	7	4	0.6	2	5	3	19	17	15	1	1	0	0
h	042	27	5	5	2	3	0.6923076923076923	3	6	4	17	16	18	5	1	0	0
h	043	26	5	4	4	3	0.6153846153846154	2	4	3	16	14	17	4	1	0	1
h	044	28	5	4	2	2	0.6923076923076923	2	6	4	16	14	15	4	1	0	0
h	045	53	1	0	9	5	0.6	0	5	5	20	16	2	0	1	0	0
h	046	33	7	5	7	3	0.6	2	5	4	21	19	20	5	1	0	1
h	047	31	6	4	5	2	0.6	3	5	4	22	20	23	4	1	0	0
h	048	42	6	5	8	4	0.8125	2	6	4	20	18	16	5	1	0	0
h	049	36	8	3	8	4	0.5	1	4	4	20	19	15	3	1	0	0
h	050	28	6	5	4	3	0.6428571428571429	3	5	4	17	16	17	5	1	0	0
h	051	23	8	4	1	2	0.42857142857142855	3	4	4	18	16	18	4	1	0	0
h	052	26	5	3	2	2	0.5384615384615384	3	4	3	18	15	17	3	1	0	0
h	053	12	4	2	2	2	0.5714285714285714	2	2	3	8	6	7	2	1	0	0
h	054	62	0	0	10	7	0.625	0	6	5	21	19	0	0	1	0	0
h	055	36	5	3	6	4	0.7333333333333333	3	5	3	19	17	18	3	1	0	1
h	056	33	4	4	3	2	0.7142857142857143	3	7	4	20	18	20	4	1	0	0
h	057	23	9	3	2	3	0.42857142857142855	3	4	3	16	15	16	3	1	0	0
h	058	26	5	3	3	3	0.5833333333333334	3	5	3	16	14	14	3	1	0	0
h	059	27	6	2	2	2	0.42857142857142855	3	4	2	19	17	18	2	1	0	0
h	060	27	7	6	1	2	0.6	3	5	5	19	17	21	6	1	0	1
h	061	37	5	4	6	4	0.75	2	6	4	17	14	16	4	2	0	1
h	062	26	5	4	3	3	0.5	3	3	2	20	18	22	4	1	0	1
h	063	29	5	4	4	3	0.5	2	4	3	18	19	18	5	1	0	0
h	064	31	7	5	3	2	0.625	1	4	4	19	15	17	5	1	0	0
h	065	27	6	2	4	4	0.5384615384615384	3	4	2	16	14	14	2	1	0	0
h	066	17	6	2	2	2	0.5	3	3	2	11	10	11	2	1	0	0
h	067	31	3	0	4	2	0.6666666666666666	3	4	3	17	15	16	0	1	0	0
h	068	33	5	4	5	4	0.7142857142857143	2	5	4	17	14	15	4	1	0	0
h	069	24	6	2	5	2	0.5833333333333334	2	3	3	14	13	12	2	1	0	0
h	070	20	7	3	2	2	0.4166666666666667	3	4	2	15	14	15	3	1	0	0
h	071	28	4	0	5	2	0.46153846153846156	2	2	3	17	16	15	0	1	0	0
h	072	22	5	2	3	3	0.5454545454545454	3	4	2	14	12	13	2	1	0	0
h	073	25	5	3	3	3	0.6153846153846154	2	3	3	14	12	13	3	1	0	0
h	074	20	5	2	2	3	0.6	3	4	2	9	9	9	2	1	0	0
h	075	31	7	3	3	3	0.4117647058823529	3	4	2	23	22	24	3	1	1	0
h	076	25	6	2	2	2	0.46153846153846156	3	4	2	17	15	16	2	1	0	0
h	077	19	5	1	3	3	0.5	3	3	2	12	10	11	1	1	0	0
h	078	28	7	5	3	2	0.7142857142857143	2	6	4	16	14	16	5	1	0	0
h	079	23	6	3	2	3	0.5	0	5	5	15	11	12	6	1	0	0
h	080	26	6	4	3	3	0.5384615384615384	3	5	4	18	15	16	4	1	0	0
h	081	28	8	5	4	3	0.6	3	5	5	19	16	18	5	1	0	0
h	082	18	6	1	2	2	0.5	3	3	2	11	9	10	1	1	0	0
h	083	24	7	1	5	1	0.5384615384615384	2	2	2	13	12	13	1	1	0	0
h	084	32	6	2	6	3	0.6	3	3	3	20	18	22	3	1	0	0
h	085	39	5	2	8	5	0.6	1	4	3	20	17	17	2	1	1	0
h	086	23	4	5	2	3	0.7272727272727273	3	4	3	11	11	11	5	1	0	1
h	087	24	5	4	3	1	0.75	3	3	4	14	12	16	4	1	0	1
h	088	20	5	2	2	2	0.6	3	4	2	12	10	11	2	1	0	0
h	089	22	5	2	2	2	0.5454545454545454	3	4	2	14	12	13	2	1	0	0
h	090	22	6	2	3	3	0.5	3	3	2	14	15	16	2	1	0	1
h	091	25	8	1	3	2	0.42857142857142855	3	4	2	17	15	17	1	1	0	0
h	092	35	6	4	5	4	0.7333333333333333	3	7	4	19	17	18	4	1	0	0
h	093	30	7	2	5	3	0.5	3	5	2	18	16	15	2	1	0	0
h	094	24	0	3	2	2	0.7777777777777778	2	5	7	13	13	13	7	1	0	0
h	095	25	7	3	3	3	0.5	3	4	3	18	16	18	3	1	0	0
h	096	25	5	2	4	3	0.5833333333333334	3	3	3	15	12	13	2	1	0	0
h	097	28	7	2	5	4	0.5	3	4	2	17	16	15	2	1	0	0
h	098	17	6	3	1	2	0.5	3	4	3	12	11	12	3	1	0	0
h	099	26	6	2	3	3	0.46153846153846156	3	4	2	17	15	15	2	1	0	0
i	000	9	9	0	0	1	0.09090909090909091	2	2	2	9	9	9	1	2	0	0
i	001	12	10	1	0	1	0.14285714285714285	1	3	2	10	11	10	2	2	0	0
i	002	12	12	0	0	1	0.06666666666666667	4	2	2	12	12	12	0	2	0	0
i	003	15	7	0	0	2	0.15384615384615385	1	4	3	10	11	7	0	2	0	0
i	004	20	0	0	0	2	0.16666666666666666	0	4	4	10	10	0	0	2	0	0
i	005	13	11	0	0	1	0.15384615384615385	2	3	2	10	11	11	2	2	0	0
i	006	13	13	0	0	1	0.0625	2	2	2	13	13	13	1	2	0	0
i	007	6	6	0	0	1	0.1111111111111111	2	2	2	6	6	6	1	2	0	0
i	008	9	9	0	0	1	0.1	2	2	2	9	9	9	1	2	0	0
i	009	10	10	0	0	1	0.07692307692307693	2	2	2	10	10	10	1	2	0	0
i	010	10	10	0	0	1	0.09090909090909091	2	2	2	10	10	10	1	2	0	0
i	011	39	0	0	13	3	0.2	2	6	6	13	13	0	3	2	0	0
i	012	12	12	0	0	1	0.07142857142857142	2	2	2	12	12	12	1	2	0	0
i	013	14	12	0	0	2	0.13333333333333333	2	2	2	12	12	12	1	2	0	0
i	014	12	12	0	0	1	0.07142857142857142	4	2	2	12	12	12	0	2	0	0
i	015	14	12	0	0	2	0.13333333333333333	2	2	2	12	12	12	1	2	0	0
i	016	8	8	0	0	1	0.09090909090909091	2	2	2	8	8	8	1	2	0	0
i	017	8	8	0	0	1	0.1111111111111111	2	2	2	8	8	8	1	2	0	0
i	018	8	6	1	0	1	0.2222222222222222	3	3	2	6	7	6	1	2	0	0
i	019	7	7	0	0	1	0.1111111111111111	2	2	2	7	7	7	1	2	0	0
i	020	9	9	0	0	1	0.09090909090909091	2	2	2	9	9	9	1	2	0	0
i	021	11	7	1	0	2	0.23076923076923078	2	3	3	8	7	9	3	2	0	0
i	022	8	6	0	0	2	0.25	2	2	2	6	6	6	1	2	0	0
i	023	24	2	0	2	5	0.38461538461538464	0	5	5	9	9	18	14	2	2	4
i	024	14	8	0	0	2	0.3333333333333333	1	4	2	9	8	12	5	2	0	1
i	025	9	7	1	0	1	0.2	1	2	3	7	8	7	2	2	0	0
i	026	8	8	0	0	2	0.2	2	2	2	7	7	8	1	2	0	0
i	027	13	13	0	0	1	0.07142857142857142	4	2	2	13	13	13	0	2	0	0
i	028	22	0	0	0	2	0.15384615384615385	0	4	4	11	11	0	0	2	0	0
i	029	13	13	0	0	1	0.07142857142857142	2	2	2	13	13	13	1	2	0	0
i	030	13	13	0	0	1	0.07142857142857142	4	2	2	13	13	13	0	2	0	0
i	031	22	0	0	0	2	0.15384615384615385	0	4	4	11	11	0	0	2	0	0
i	032	16	0	0	0	2	0.2	0	4	4	8	8	0	0	2	0	0
i	033	26	0	0	0	2	0.13333333333333333	0	4	4	13	13	0	0	2	0	0
i	034	12	12	0	0	1	0.07692307692307693	2	2	2	12	12	12	1	2	0	0
i	035	8	8	0	0	1	0.1	2	2	2	8	8	8	1	2	0	0
i	036	11	9	0	0	2	0.18181818181818182	2	2	2	9	9	9	1	2	0	0
i	037	27	0	0	9	3	0.3	0	6	6	9	9	0	0	2	0	0
i	038	10	8	2	0	1	0.3	2	3	3	8	8	8	3	2	0	0
i	039	13	7	3	2	1	0.38461538461538464	1	4	4	9	8	8	3	2	0	0
i	040	28	0	0	0	2	0.13333333333333333	2	4	4	14	14	0	2	2	0	0
i	041	14	14	0	0	1	0.0625	4	2	2	14	14	14	0	2	0	0
i	042	12	12	0	0	1	0.07142857142857142	4	2	2	12	12	12	0	2	0	0
i	043	19	13	0	2	1	0.1875	2	2	2	13	13	13	0	2	0	0
i	044	10	10	0	0	1	0.07692307692307693	2	2	2	10	10	10	1	2	0	0
i	045	12	12	0	0	1	0.07142857142857142	4	2	2	12	12	12	0	2	0	0
i	046	10	10	0	0	1	0.08333333333333333	2	2	2	10	10	10	1	2	0	0
i	047	10	10	0	0	1	0.09090909090909091	2	2	2	10	10	10	1	2	0	0
i	048	14	11	2	1	1	0.21428571428571427	2	3	4	12	11	11	3	2	0	0
i	049	18	0	0	0	2	0.18181818181818182	0	4	4	9	9	0	0	2	0	0
i	050	12	7	1	1	2	0.3333333333333333	1	3	4	7	8	9	3	2	0	0
i	051	10	10	0	0	1	0.07692307692307693	2	2	2	10	10	10	1	2	0	0
i	052	11	11	0	0	1	0.07692307692307693	2	2	2	11	11	11	1	2	0	0
i	053	18	0	0	0	2	0.2	0	4	4	9	9	0	0	2	0	0
i	054	11	11	0	0	1	0.08333333333333333	2	2	2	11	11	11	1	2	0	0
i	055	25	0	0	1	2	0.23076923076923078	0	4	4	11	11	0	0	2	0	0
i	056	11	9	0	0	1	0.16666666666666666	1	2	2	9	9	9	1	2	0	0
i	057	16	12	3	1	1	0.2857142857142857	2	4	5	13	12	12	4	2	0	0
i	058	14	14	0	0	1	0.06666666666666667	2	2	2	14	14	14	1	2	0	0
i	059	11	11	0	0	1	0.07692307692307693	4	2	2	11	11	11	0	2	0	0
i	060	11	11	0	0	1	0.07142857142857142	4	2	2	11	11	11	0	2	0	0
i	061	7	7	0	0	1	0.1	2	2	2	7	7	7	1	2	0	0
i	062	14	14	0	0	1	0.058823529411764705	4	2	2	14	14	14	0	2	0	0
i	063	11	7	0	0	1	0.16666666666666666	1	2	3	9	8	7	1	2	0	0
i	064	10	10	0	0	1	0.07692307692307693	2	2	2	10	10	10	1	2	0	0
i	065	11	11	0	0	1	0.08333333333333333	4	2	2	11	11	11	0	2	0	0
i	066	10	10	0	0	1	0.07692307692307693	2	2	2	10	10	10	1	2	0	0
i	067	10	10	0	0	1	0.08333333333333333	2	2	2	10	10	10	1	2	0	0
i	068	9	9	0	0	1	0.09090909090909091	2	2	2	9	9	9	1	2	0	0
i	069	5	5	0	0	1	0.16666666666666666	2	2	2	5	5	5	1	2	0	0
i	070	10	10	0	0	1	0.08333333333333333	2	2	2	10	10	10	1	2	0	0
i	071	12	10	1	0	1	0.15384615384615385	1	2	3	10	11	10	2	2	0	0
i	072	11	7	2	0	1	0.2727272727272727	3	3	4	8	9	7	3	2	0	0
i	073	5	5	0	0	1	0.14285714285714285	2	2	2	5	5	5	1	2	0	0
i	074	10	10	0	0	1	0.07692307692307693	2	2	2	10	10	10	1	2	0	0
i	075	21	1	0	0	2	0.16666666666666666	0	3	4	11	10	1	0	2	0	0
i	076	7	7	0	0	1	0.125	2	2	2	7	7	7	1	2	0	0
i	077	12	6	0	0	2	0.16666666666666666	1	4	3	8	9	6	1	2	0	0
i	078	13	13	0	0	1	0.06666666666666667	4	2	2	13	13	13	0	2	0	0
i	079	8	8	0	0	1	0.1	2	2	2	8	8	8	1	2	0	0
i	080	9	9	0	0	1	0.08333333333333333	2	2	2	9	9	9	1	2	0	0
i	081	8	8	0	0	1	0.1111111111111111	2	2	2	8	8	8	1	2	0	0
i	082	8	8	0	0	1	0.09090909090909091	2	2	2	8	8	8	1	2	0	0
i	083	9	9	0	0	1	0.1	2	2	2	9	9	9	1	2	0	0
i	084	8	6	0	0	2	0.2222222222222222	3	2	2	6	6	6	0	2	0	0
i	085	28	0	0	2	3	0.2857142857142857	0	4	4	11	11	0	0	2	0	0
i	086	24	0	0	0	2	0.15384615384615385	0	4	4	12	12	0	0	2	0	0
i	087	13	13	0	0	1	0.0625	2	2	2	13	13	13	1	2	0	0
i	088	28	0	0	0	2	0.125	0	4	4	14	14	0	0	2	0	0
i	089	12	12	0	0	1	0.0625	2	2	2	12	12	12	1	2	0	0
i	090	7	7	0	0	1	0.1	2	2	2	7	7	7	1	2	0	0
i	091	8	8	0	0	1	0.08333333333333333	2	2	2	8	8	8	1	2	0	0
i	092	11	9	0	0	1	0.16666666666666666	2	2	2	10	8	9	2	2	0	0
i	093	12	10	1	0	1	0.15384615384615385	1	3	2	10	11	10	2	2	0	0
i	094	7	7	0	0	1	0.125	2	2	2	7	7	7	1	2	0	0
i	095	13	11	1	0	1	0.15384615384615385	1	2	2	12	10	11	2	2	0	0
i	096	15	11	0	0	1	0.14285714285714285	2	3	3	13	13	11	0	2	0	0
i	097	5	5	0	0	1	0.16666666666666666	2	2	2	5	5	5	1	2	0	0
i	098	13	13	0	0	1	0.07142857142857142	2	2	2	13	13	13	1	2	0	0
i	099	17	8	1	1	3	0.35714285714285715	1	3	4	9	10	12	4	2	0	0
j	000	18	9	1	2	1	0.35714285714285715	3	3	4	11	11	11	1	2	0	0
j	001	18	9	2	2	2	0.38461538461538464	2	3	5	12	12	12	3	2	0	0
j	002	17	7	2	2	2	0.46153846153846156	2	3	4	11	10	12	3	2	0	0
j	003	42	0	0	4	5	0.6	0	7	7	12	12	0	0	2	0	0
j	004	20	7	4	2	2	0.5384615384615384	2	5	7	12	12	12	5	2	0	0
j	005	12	6	1	2	1	0.4	1	3	4	7	7	7	2	2	0	0
j	006	68	0	0	15	10	0.625	1	10	9	15	12	2	0	2	0	0
j	007	19	10	4	2	1	0.5	2	4	5	10	11	11	5	2	0	0
j	008	23	7	2	3	3	0.42857142857142855	2	4	5	15	15	15	3	2	0	0
j	009	31	0	0	4	4	0.6363636363636364	0	5	7	8	10	1	0	2	0	0
j	010	14	7	1	1	1	0.3333333333333333	0	4	3	9	8	7	2	2	0	0
j	011	16	9	3	1	1	0.35714285714285715	2	3	3	11	12	14	4	2	0	1
j	012	17	8	2	2	2	0.46153846153846156	1	3	5	9	9	11	3	2	0	0
j	013	13	5	3	1	1	0.5	2	4	5	8	9	9	4	2	0	0
j	014	13	8	2	1	1	0.36363636363636365	1	3	4	10	9	10	3	2	0	0
j	015	34	3	0	7	6	0.4	0	7	8	12	13	9	4	2	0	0
j	016	16	5	0	2	1	0.45454545454545453	1	3	3	8	8	8	1	2	0	0
j	017	15	5	0	2	3	0.45454545454545453	2	3	2	7	7	8	1	2	0	0
j	018	26	7	2	3	4	0.5	2	8	10	13	13	13	6	2	0	0
j	019	20	5	6	2	2	0.6666666666666666	2	5	6	12	13	14	7	2	0	1
j	020	18	5	2	2	3	0.46153846153846156	2	3	4	10	10	10	3	2	0	0
j	021	17	6	2	2	1	0.5	2	3	4	9	9	10	3	2	0	0
j	022	14	8	3	2	1	0.45454545454545453	2	3	4	8	9	9	4	2	0	0
j	023	14	8	4	1	1	0.5	2	4	5	8	9	10	5	2	0	0
j	024	19	7	0	1	2	0.2857142857142857	2	3	3	13	13	13	1	2	0	0
j	025	10	4	1	0	2	0.4	1	2	3	4	5	4	2	2	0	0
j	026	13	9	2	0	1	0.3333333333333333	1	3	3	10	9	11	3	2	0	1
j	027	19	8	2	2	2	0.46153846153846156	4	3	5	12	12	13	2	2	0	0
j	028	18	11	2	2	2	0.4	1	4	5	11	11	12	3	2	0	0
j	029	35	0	0	3	2	0.4	0	6	6	13	13	1	0	2	0	0
j	030	21	3	2	2	2	0.5833333333333334	2	4	6	10	10	9	2	2	0	0
j	031	12	6	1	2	1	0.4444444444444444	1	3	4	7	7	7	2	2	0	0
j	032	29	8	0	3	4	0.5	0	4	4	10	13	9	0	1	0	0
j	033	16	9	2	2	1	0.38461538461538464	1	3	5	10	10	10	3	2	0	0
j	034	23	6	2	3	4	0.5384615384615384	2	5	6	10	10	9	2	2	0	0
j	035	15	4	1	2	2	0.5	2	3	4	8	8	8	2	2	0	0
j	036	19	2	1	2	3	0.5	1	5	6	9	10	7	3	2	0	0
j	037	14	6	4	1	1	0.6	2	5	5	9	9	10	5	2	0	0
j	038	22	7	3	3	3	0.5	2	4	6	13	13	13	4	2	0	0
j	039	18	5	0	2	3	0.4166666666666667	2	3	3	9	10	9	1	2	0	0
j	040	18	7	2	2	1	0.46153846153846156	2	3	4	10	10	11	3	2	0	0
j	041	41	0	0	5	7	0.4666666666666667	0	6	4	13	13	0	0	2	0	0
j	042	19	8	2	2	2	0.42857142857142855	2	4	4	12	11	12	3	2	0	0
j	043	16	5	1	2	2	0.5	2	3	3	9	9	10	2	2	0	0
j	044	37	0	0	5	4	0.5833333333333334	0	7	8	12	13	0	0	2	0	0
j	045	22	10	3	2	3	0.5333333333333333	1	4	5	10	11	10	4	2	0	0
j	046	24	6	1	2	3	0.5	2	5	5	13	13	13	3	2	0	0
j	047	17	11	3	0	2	0.3333333333333333	2	3	3	12	12	15	5	2	0	1
j	048	17	10	5	1	2	0.5714285714285714	2	4	4	8	8	14	7	2	0	2
j	049	13	6	0	1	1	0.3	1	3	3	8	9	8	1	2	0	0
j	050	16	7	2	1	2	0.38461538461538464	2	3	4	10	11	11	3	2	0	0
j	051	15	9	4	1	2	0.46153846153846156	2	5	5	9	9	11	7	2	0	0
j	052	14	9	2	1	1	0.4166666666666667	2	3	3	8	9	10	3	2	0	0
j	053	13	5	1	0	2	0.4	2	3	3	9	10	11	2	2	0	0
j	054	17	6	2	1	2	0.38461538461538464	1	4	5	9	9	9	3	2	0	0
j	055	16	9	7	1	1	0.5714285714285714	2	6	6	9	9	11	8	2	0	1
j	056	22	6	1	3	3	0.38461538461538464	2	6	7	11	12	9	4	2	0	0
j	057	15	8	3	1	1	0.45454545454545453	1	4	6	10	10	10	4	2	0	0
j	058	21	9	5	2	1	0.6923076923076923	1	6	7	9	10	9	6	2	0	0
j	059	11	3	1	0	2	0.5	0	3	3	3	5	3	3	2	0	0
j	060	27	6	4	5	4	0.6428571428571429	0	8	8	10	12	11	9	2	0	0
j	061	14	11	4	1	1	0.38461538461538464	2	4	3	10	10	12	5	2	0	1
j	062	17	7	2	3	2	0.5	1	3	5	9	9	9	3	2	0	0
j	063	17	7	3	2	2	0.5454545454545454	2	4	6	10	10	10	4	2	0	0
j	064	14	6	3	1	1	0.5454545454545454	2	4	5	6	7	6	4	2	0	0
j	065	18	7	3	2	1	0.5833333333333334	1	4	6	9	9	9	4	2	0	0
j	066	16	6	3	2	2	0.4166666666666667	2	3	5	11	11	11	4	2	0	0
j	067	20	7	3	2	2	0.42857142857142855	2	5	5	13	14	14	4	2	0	0
j	068	19	10	3	3	2	0.42857142857142855	1	5	4	12	12	12	4	2	0	0
j	069	16	7	2	1	1	0.38461538461538464	1	5	4	10	11	11	5	2	0	0
j	070	14	5	1	1	2	0.36363636363636365	2	3	3	10	9	10	2	2	0	0
j	071	16	6	1	2	2	0.4166666666666667	2	3	4	10	10	11	2	2	0	0
j	072	33	0	1	3	4	0.6153846153846154	0	7	7	10	10	0	1	2	0	0
j	073	13	9	5	1	1	0.5	2	5	5	8	8	9	6	2	0	1
j	074	13	6	2	1	1	0.35714285714285715	1	3	3	8	7	9	3	2	0	1
j	075	18	5	4	2	2	0.7272727272727273	1	5	6	5	6	5	5	2	0	0
j	076	15	8	2	1	2	0.4166666666666667	2	3	4	8	9	8	3	2	0	0
j	077	18	3	0	3	2	0.45454545454545453	2	5	5	9	11	10	5	2	0	0
j	078	15	4	1	1	1	0.45454545454545453	2	3	3	10	9	11	2	2	0	0
j	079	20	5	2	2	2	0.5	1	5	6	11	12	10	3	2	0	0
j	080	18	6	2	2	2	0.5454545454545454	2	3	5	10	10	10	3	2	0	0
j	081	15	6	3	1	2	0.4166666666666667	2	4	6	10	10	10	4	2	0	0
j	082	17	11	2	1	1	0.2857142857142857	1	3	5	13	13	13	3	2	0	0
j	083	21	7	4	3	2	0.6153846153846154	2	4	5	11	12	12	5	2	0	0
j	084	15	6	2	2	2	0.45454545454545453	0	3	5	7	7	7	3	2	0	0
j	085	10	5	2	1	1	0.4	1	3	4	7	7	7	2	2	0	0
j	086	14	5	2	2	2	0.5	2	3	5	8	8	8	3	2	0	0
j	087	22	6	3	2	4	0.5714285714285714	1	5	6	9	10	9	5	2	0	0
j	088	19	6	2	2	3	0.5384615384615384	2	4	4	11	10	12	3	2	0	0
j	089	21	8	3	3	2	0.6153846153846154	2	4	5	11	10	11	4	2	0	0
j	090	14	5	3	2	1	0.6	2	4	4	6	7	7	4	2	0	0
j	091	41	1	0	5	7	0.7857142857142857	0	16	18	12	12	19	23	2	2	2
j	092	16	9	3	1	1	0.38461538461538464	1	4	6	11	11	11	4	2	0	0
j	093	16	8	1	1	1	0.3333333333333333	0	4	5	10	11	10	4	2	0	0
j	094	16	5	0	2	2	0.4	2	3	3	8	10	9	1	2	0	0
j	095	13	7	3	0	1	0.4166666666666667	2	3	3	9	9	11	4	2	0	1
j	096	17	9	1	0	3	0.4	1	2	3	8	9	9	2	2	0	0
j	097	10	6	4	0	1	0.45454545454545453	2	3	3	6	5	8	5	2	0	0
j	098	18	8	2	3	1	0.42857142857142855	1	4	4	9	10	9	3	2	0	0
j	099	43	0	0	3	4	0.6666666666666666	0	9	9	12	12	0	0	2	0	0
sad	000	30	4	4	6	4	0.9285714285714286	3	9	9	10	9	9	8	4	0	0
sad	001	21	2	4	3	1	0.9166666666666666	1	11	9	7	7	7	9	4	0	0
sad	002	19	2	4	3	3	0.8181818181818182	2	8	6	7	7	7	6	3	0	0
sad	003	35	0	2	6	10	1.0833333333333333	1	17	17	7	7	3	11	4	0	2
sad	004	60	4	2	9	9	0.8666666666666667	2	14	13	12	15	5	7	4	0	0
sad	005	19	1	3	2	4	0.7272727272727273	2	9	7	9	9	9	7	4	0	0
sad	006	34	0	5	6	6	1.1538461538461537	0	15	15	8	8	0	10	4	0	0
sad	007	15	4	3	2	2	0.6666666666666666	2	7	8	6	5	6	9	4	0	0
sad	008	30	3	7	4	3	1.0	5	13	12	16	13	14	10	4	0	0
sad	009	21	2	4	3	2	0.9090909090909091	5	9	8	8	9	9	7	4	0	0
sad	010	21	1	7	3	2	1.0	1	10	9	8	7	11	11	4	0	1
sad	011	30	4	4	3	4	0.9285714285714286	6	12	11	10	11	15	12	4	0	2
sad	012	28	6	10	4	5	1.0714285714285714	3	14	13	10	11	10	13	4	0	0
sad	013	30	4	5	5	5	0.75	3	10	9	13	12	11	8	4	0	1
sad	014	16	1	3	3	1	0.9	1	7	6	5	6	7	7	3	0	1
sad	015	20	1	6	2	3	1.0	4	12	11	8	7	7	10	4	0	0
sad	016	21	2	5	2	4	0.8333333333333334	2	9	10	9	8	9	9	4	0	1
sad	017	64	2	0	10	13	0.875	0	16	19	8	9	4	9	4	0	1
sad	018	28	2	6	2	3	1.0	8	11	11	14	14	16	9	4	0	0
sad	019	56	4	4	8	9	1.0769230769230769	2	20	18	14	14	5	11	4	0	0
sad	020	19	1	9	2	2	1.0909090909090908	6	11	11	8	8	9	13	4	0	0
sad	021	18	1	4	2	3	0.9	6	8	9	9	8	9	8	4	0	0
sad	022	28	2	7	5	5	1.0769230769230769	3	11	12	10	9	10	10	4	0	3
sad	023	23	2	3	3	5	0.8333333333333334	4	13	10	10	9	9	9	4	0	0
sad	024	64	2	0	10	10	1.0	1	16	15	9	14	4	3	4	0	0
sad	025	15	1	5	1	0	1.0	2	7	7	6	6	11	11	4	0	3
sad	026	28	0	1	4	4	0.8571428571428571	2	10	9	14	14	8	2	4	0	0
sad	027	64	3	2	10	9	0.8666666666666667	2	15	13	12	16	4	7	4	0	0
sad	028	29	2	4	2	4	0.7692307692307693	7	11	10	18	17	17	7	4	0	0
sad	029	22	2	5	3	2	0.7692307692307693	5	8	7	10	11	12	5	3	0	0
sad	030	73	0	1	11	13	1.125	0	27	30	19	18	15	23	6	3	0
sad	031	61	1	0	9	11	0.8125	1	15	14	10	13	4	6	4	0	0
sad	032	28	2	2	6	5	0.7857142857142857	1	8	8	8	8	7	6	4	0	0
sad	033	21	1	4	3	3	1.0	2	9	7	8	8	8	7	3	0	0
sad	034	20	1	7	3	3	0.9166666666666666	5	9	10	8	8	8	8	4	0	0
sad	035	29	3	4	6	6	0.9230769230769231	3	13	12	9	10	5	7	4	0	0
sad	036	30	2	8	6	5	1.2727272727272727	4	9	11	10	8	7	11	4	0	0
sad	037	27	4	5	3	5	0.8571428571428571	8	10	10	14	14	16	8	4	0	1
sad	038	39	0	0	5	8	0.9230769230769231	2	14	14	12	12	6	1	4	1	0
sad	039	36	3	3	6	5	0.9333333333333333	2	14	17	8	9	6	11	4	0	0
sad	040	26	2	3	5	5	0.8181818181818182	4	11	11	12	12	7	7	4	0	0
sad	041	29	4	7	4	5	1.0	4	12	12	13	13	13	9	4	0	1
sad	042	32	1	3	4	4	1.0714285714285714	6	10	7	10	9	26	21	4	0	8
sad	043	20	4	2	3	3	0.5384615384615384	7	7	5	11	11	11	3	4	0	0
sad	044	43	3	3	5	10	1.0833333333333333	3	18	16	12	12	6	6	4	0	0
sad	045	31	2	5	3	7	0.9285714285714286	4	10	10	15	15	18	9	4	0	4
sad	046	16	0	4	1	4	0.7272727272727273	2	8	8	7	7	6	8	4	0	0
sad	047	21	1	2	3	2	1.25	2	8	7	7	7	7	6	3	0	0
sad	048	61	1	0	10	9	0.75	0	15	18	13	12	2	0	4	1	0
sad	049	20	1	4	5	4	1.0	1	6	6	6	6	6	6	3	0	0
sad	050	14	2	5	1	2	1.0	1	11	9	6	6	6	9	4	0	0
sad	051	38	3	6	8	5	1.1666666666666667	3	14	13	12	13	4	9	4	0	0
sad	052	43	2	3	5	7	0.9166666666666666	3	15	16	17	16	9	9	4	0	0
sad	053	32	3	4	5	4	0.75	3	12	12	12	14	12	10	4	1	0
sad	054	23	2	5	4	5	0.8333333333333334	4	10	10	9	9	6	9	4	0	2
sad	055	30	0	3	6	6	1.2	0	13	12	7	8	1	6	4	0	0
sad	056	16	2	3	2	2	0.8	4	6	5	8	9	11	6	4	0	2
sad	057	15	3	9	3	0	0.9230769230769231	1	8	9	5	4	7	13	4	0	2
sad	058	17	2	7	2	2	1.0	3	12	11	7	6	7	11	4	0	0
sad	059	38	1	3	6	7	0.8666666666666667	5	13	11	17	17	18	10	4	0	0
sad	060	26	0	2	4	5	0.9	4	12	11	10	11	6	7	4	0	0
sad	061	18	2	7	3	1	0.9230769230769231	0	9	9	5	5	5	12	4	0	0
sad	062	21	1	5	4	2	0.9230769230769231	0	11	10	6	5	5	10	4	0	0
sad	063	35	0	4	4	7	0.8461538461538461	2	17	11	12	14	6	7	4	0	0
sad	064	53	4	2	8	9	0.9285714285714286	2	17	15	12	12	5	8	4	0	0
sad	065	14	2	8	1	0	0.9166666666666666	2	9	9	4	4	8	14	4	0	3
sad	066	25	0	1	4	6	0.8181818181818182	2	12	11	9	10	5	6	4	0	1
sad	067	34	0	3	6	6	1.0	0	18	15	8	9	2	10	4	0	0
sad	068	25	1	2	6	5	0.9166666666666666	1	13	10	6	7	4	11	4	0	1
sad	069	25	3	1	5	5	0.6363636363636364	2	9	7	11	11	5	2	4	0	0
sad	070	22	1	2	4	2	1.0	2	10	8	9	9	5	4	4	0	0
sad	071	45	1	0	6	11	1.0833333333333333	0	18	17	8	9	1	5	4	0	0
sad	072	55	1	2	8	11	0.8666666666666667	1	16	15	13	14	3	4	4	0	0
sad	073	25	2	3	5	6	0.8181818181818182	4	11	9	11	11	7	6	4	0	0
sad	074	25	3	6	5	5	1.0909090909090908	3	13	13	8	8	3	10	4	0	0
sad	075	22	3	8	3	1	1.1666666666666667	4	11	10	6	5	9	12	4	0	2
sad	076	33	2	5	7	5	0.9230769230769231	2	13	12	11	12	7	7	4	0	0
sad	077	32	4	2	5	7	0.7692307692307693	3	13	11	11	11	7	6	4	0	0
sad	078	27	3	3	4	4	0.7692307692307693	7	9	7	13	13	13	4	4	0	0
sad	079	44	0	3	7	7	1.0833333333333333	4	16	14	14	14	7	9	4	0	0
sad	080	24	2	7	5	5	1.0833333333333333	3	11	10	7	8	8	12	4	0	4
sad	081	31	2	7	3	5	0.9285714285714286	8	11	10	18	19	21	10	4	0	1
sad	082	20	1	5	3	2	1.375	0	11	9	6	6	6	9	4	0	0
sad	083	39	4	3	7	7	1.0	3	13	11	13	12	13	9	4	0	0
sad	084	46	0	4	5	10	1.0769230769230769	2	20	18	10	10	4	12	4	0	0
sad	085	20	1	4	2	3	0.7692307692307693	6	8	8	10	8	12	8	4	0	2
sad	086	17	0	5	2	2	1.0	1	6	6	6	8	7	8	3	0	1
sad	087	37	2	3	6	5	0.8	7	10	9	20	19	18	5	4	0	0
sad	088	28	2	4	2	3	0.625	6	9	8	16	17	19	8	4	0	1
sad	089	25	0	3	5	4	0.9166666666666666	6	9	9	8	7	6	6	4	0	0
sad	090	26	2	4	5	5	0.8333333333333334	4	10	10	10	10	7	8	4	0	2
sad	091	32	1	1	5	5	1.0	1	15	15	8	9	3	9	4	0	0
sad	092	21	2	2	3	4	1.0	6	7	7	10	12	11	4	4	0	0
sad	093	27	3	4	4	5	0.8461538461538461	4	12	10	11	11	9	6	4	0	0
sad	094	25	2	4	5	4	0.9166666666666666	2	11	9	8	8	4	5	4	0	0
sad	095	31	1	6	4	5	0.8461538461538461	6	9	10	18	19	19	8	4	0	1
sad	096	20	3	2	3	4	0.6666666666666666	6	7	7	11	11	10	4	4	0	0
sad	097	30	3	6	6	5	0.9285714285714286	3	11	10	10	11	9	8	4	0	1
sad	098	72	0	0	10	11	0.9333333333333333	0	21	21	14	14	2	2	4	0	0
sad	099	45	1	2	8	7	0.9285714285714286	3	17	15	12	12	3	10	4	0	0
smiley	000	44	2	4	8	7	1.25	3	13	14	15	10	9	10	4	0	1
smiley	001	34	2	3	6	7	1.0	3	12	14	13	13	9	7	4	0	0
smiley	002	94	0	0	13	17	1.1333333333333333	2	26	24	14	16	7	11	4	0	0
smiley	003	20	0	4	3	4	1.1111111111111112	2	10	12	5	7	4	12	4	0	0
smiley	004	35	1	4	5	7	0.9285714285714286	2	14	15	12	14	9	11	4	0	0
smiley	005	34	3	11	6	3	1.1428571428571428	8	11	11	19	19	23	14	4	0	1
smiley	006	47	0	4	10	9	1.0	1	16	17	17	18	12	11	4	1	0
smiley	007	30	0	5	5	3	1.0769230769230769	4	9	9	12	12	13	7	3	0	0
smiley	008	34	5	4	6	5	1.0	3	13	13	13	13	8	8	4	0	0
smiley	009	43	1	1	8	7	1.0909090909090908	0	8	14	8	10	3	3	4	0	0
smiley	010	27	2	4	4	7	1.0	4	11	12	11	12	11	9	4	0	2
smiley	011	18	3	3	2	3	0.6923076923076923	4	10	8	8	6	9	10	4	0	2
smiley	012	23	0	4	3	4	0.9090909090909091	4	9	10	11	12	12	10	4	0	0
smiley	013	39	0	2	7	8	0.8333333333333334	1	13	12	11	11	3	5	4	0	0
smiley	014	30	2	4	5	3	1.25	3	12	10	10	10	12	11	4	0	1
smiley	015	61	4	1	9	12	1.0	2	18	20	11	15	8	17	4	1	0
smiley	016	24	2	5	5	2	0.9285714285714286	2	9	9	8	8	9	10	4	0	0
smiley	017	18	3	3	1	3	0.8181818181818182	4	7	9	8	8	11	8	4	0	1
smiley	018	33	4	4	5	7	1.1666666666666667	3	17	18	9	8	4	14	4	0	0
smiley	019	26	2	4	4	2	0.9230769230769231	4	8	10	9	9	9	6	4	0	0
smiley	020	54	0	2	7	12	1.3333333333333333	1	21	18	9	10	5	9	4	0	1
smiley	021	39	2	3	6	5	0.8461538461538461	3	12	15	17	16	8	8	4	0	0
smiley	022	27	5	7	3	5	0.9285714285714286	5	12	13	12	11	12	12	4	0	0
smiley	023	33	4	7	2	5	1.0	8	13	13	18	18	23	11	4	0	1
smiley	024	33	4	3	6	7	1.0	2	12	14	10	8	5	7	4	0	0
smiley	025	26	1	8	3	6	1.2727272727272727	2	13	13	7	7	7	14	4	0	5
smiley	026	32	0	5	6	5	1.2727272727272727	4	11	13	11	11	10	6	4	0	0
smiley	027	28	4	6	5	5	1.0769230769230769	3	12	12	9	9	7	11	4	0	1
smiley	028	39	2	4	8	8	1.1428571428571428	2	9	11	13	13	13	8	4	0	0
smiley	029	25	4	7	3	3	1.0833333333333333	7	10	9	11	12	16	12	4	0	3
smiley	030	32	2	7	6	5	1.3636363636363635	4	10	12	12	10	12	12	4	0	3
smiley	031	37	3	4	6	7	1.0	3	13	13	12	12	9	8	4	0	2
smiley	032	49	3	4	9	7	1.0	2	14	13	16	13	5	7	4	0	0
smiley	033	32	2	5	6	4	1.25	4	10	13	12	11	12	12	4	0	1
smiley	034	26	3	6	4	3	0.9375	5	9	9	11	9	11	11	4	0	1
smiley	035	33	2	5	5	5	1.0	4	11	11	16	16	11	6	4	0	0
smiley	036	22	2	6	2	3	1.0	8	8	9	11	12	14	8	4	0	1
smiley	037	43	0	4	5	9	1.1818181818181819	4	15	15	13	13	13	10	4	0	4
smiley	038	29	1	4	5	5	1.0	2	13	15	10	10	8	11	4	0	1
smiley	039	41	3	0	6	9	0.9230769230769231	4	10	14	15	13	12	4	4	0	0
smiley	040	52	2	1	9	9	1.0	2	11	13	13	9	4	4	4	0	0
smiley	041	44	0	0	7	8	1.0909090909090908	1	15	16	12	11	2	0	4	0	0
smiley	042	16	1	2	2	2	0.8888888888888888	0	7	7	5	5	5	6	4	0	0
smiley	043	44	2	5	7	8	1.0833333333333333	2	13	17	8	10	2	6	4	0	0
smiley	044	24	0	4	3	3	0.7692307692307693	5	6	7	13	12	14	6	4	0	0
smiley	045	29	4	8	5	5	1.0	4	12	13	11	12	9	10	4	0	0
smiley	046	27	3	3	3	3	1.0909090909090908	6	9	11	11	11	11	6	4	0	0
smiley	047	31	0	2	5	6	1.0	2	10	12	10	11	9	10	4	0	0
smiley	048	36	1	2	6	6	0.8571428571428571	6	6	8	15	15	15	3	4	0	0
smiley	049	27	1	7	4	4	1.0	6	10	10	12	12	11	9	4	0	0
smiley	050	25	3	8	4	3	1.2727272727272727	7	10	10	9	9	11	10	4	0	1
smiley	051	33	0	4	8	5	1.2	2	12	11	9	10	2	8	4	0	0
smiley	052	16	3	6	1	0	1.0	2	10	10	6	6	9	12	4	0	2
smiley	053	37	1	7	4	3	1.0	8	11	11	22	22	27	12	4	0	1
smiley	054	34	0	2	5	8	1.2	2	22	18	8	8	6	18	4	1	0
smiley	055	22	0	5	3	3	1.2	2	8	10	9	9	11	10	4	0	0
smiley	056	36	1	6	4	7	1.0	4	12	12	12	12	13	10	4	0	4
smiley	057	34	1	2	5	5	1.2	1	14	19	7	9	3	11	4	0	0
smiley	058	48	3	5	8	9	1.1333333333333333	2	17	16	12	11	7	11	4	2	0
smiley	059	24	2	6	4	5	1.2	4	11	11	9	9	8	11	4	0	2
smiley	060	25	4	4	4	5	1.0	4	10	11	9	10	8	9	4	0	1
smiley	061	50	1	3	9	10	0.9375	2	20	18	10	11	5	15	4	2	0
smiley	062	29	1	6	5	5	1.1818181818181819	4	11	11	11	11	10	11	4	0	3
smiley	063	33	2	5	4	7	0.8666666666666667	4	11	11	16	16	16	9	4	0	2
smiley	064	37	3	2	6	7	0.9230769230769231	1	11	12	10	9	10	10	4	0	0
smiley	065	29	0	5	4	2	1.7777777777777777	0	11	13	7	7	7	11	4	0	0
smiley	066	40	3	5	8	8	1.0	3	16	16	12	11	5	14	4	0	0
smiley	067	32	2	10	4	4	1.1428571428571428	6	12	13	13	16	17	15	4	0	3
smiley	068	21	2	4	3	3	1.0	1	8	10	6	6	6	8	4	0	0
smiley	069	33	1	3	6	6	1.2727272727272727	0	13	15	8	8	2	7	4	0	0
smiley	070	26	0	2	6	4	1.25	1	9	11	7	7	4	7	4	0	0
smiley	071	24	1	2	5	4	1.125	0	8	10	7	7	3	4	4	0	0
smiley	072	24	4	8	3	4	1.1818181818181819	4	11	11	9	9	10	11	4	0	3
smiley	073	25	1	4	4	5	1.0	6	7	10	12	11	11	7	4	0	0
smiley	074	24	3	4	4	2	1.0833333333333333	1	10	12	7	7	7	10	4	0	0
smiley	075	38	2	5	4	7	1.0	2	15	18	13	11	8	13	4	0	0
smiley	076	25	1	6	4	4	1.1818181818181819	3	11	11	8	6	6	13	4	0	3
smiley	077	27	3	3	5	4	1.1	1	11	13	8	10	4	7	4	0	0
smiley	078	43	4	3	6	9	1.0	3	14	18	10	12	6	8	4	0	0
smiley	079	24	3	3	5	5	0.9	3	9	9	10	8	7	5	4	0	0
smiley	080	33	3	3	4	8	1.0	2	11	12	11	10	22	16	4	2	2
smiley	081	32	3	4	5	7	1.0833333333333333	3	13	14	8	9	8	10	4	0	1
smiley	082	37	6	6	5	5	0.9375	8	10	12	16	16	16	7	4	0	0
smiley	083	27	5	5	6	5	0.8461538461538461	4	10	11	10	9	8	12	4	0	2
smiley	084	29	3	2	6	4	0.9230769230769231	3	8	9	12	11	9	3	4	0	0
smiley	085	30	1	7	7	3	1.25	4	11	11	10	10	11	13	4	0	0
smiley	086	27	2	3	3	3	0.7692307692307693	8	6	8	14	15	20	10	4	0	2
smiley	087	21	2	8	2	1	1.0769230769230769	2	8	8	8	8	14	14	4	0	4
smiley	088	33	0	3	5	8	1.1818181818181819	1	14	15	12	13	8	9	4	0	1
smiley	089	36	3	3	6	7	1.0833333333333333	1	13	16	8	9	4	9	4	0	0
smiley	090	35	2	6	6	5	0.9285714285714286	5	10	11	18	17	18	11	4	0	1
smiley	091	39	4	4	6	7	1.0833333333333333	3	13	14	14	13	10	6	4	0	0
smiley	092	23	2	5	5	2	1.5	3	9	8	7	8	7	5	4	0	0
smiley	093	43	2	5	9	6	0.9285714285714286	3	11	11	18	18	8	7	4	0	0
smiley	094	32	1	0	5	6	1.1	1	15	17	9	8	3	11	4	0	0
smiley	095	25	3	4	5	3	1.2	2	10	12	8	8	4	5	4	0	0
smiley	096	53	3	1	7	10	0.8	2	12	15	16	13	7	6	4	0	0
smiley	097	30	3	3	4	5	0.8461538461538461	4	11	10	12	12	10	5	4	0	1
smiley	098	22	4	12	2	0	1.4166666666666667	2	13	13	6	6	9	18	4	0	2
smiley	099	84	0	0	12	17	1.1333333333333333	1	23	22	14	13	7	11	4	0	0
xclaim	000	85	0	0	17	5	0.2777777777777778	0	10	10	17	17	0	0	2	0	0
xclaim	001	11	11	0	0	1	0.07692307692307693	2	2	2	11	11	11	1	2	0	0
xclaim	002	21	1	0	0	2	0.15384615384615385	0	4	3	10	11	1	0	2	0	0
xclaim	003	10	10	0	0	1	0.08333333333333333	4	2	2	10	10	10	0	2	0	0
xclaim	004	26	0	0	0	2	0.13333333333333333	0	4	4	13	13	0	0	2	0	0
xclaim	005	10	10	0	0	1	0.07692307692307693	2	2	2	10	10	10	1	2	0	0
xclaim	006	20	0	0	0	2	0.16666666666666666	0	4	4	10	10	0	0	2	0	0
xclaim	007	12	12	0	0	1	0.06666666666666667	2	2	2	12	12	12	1	2	0	0
xclaim	008	12	12	0	0	1	0.07142857142857142	2	2	2	12	12	12	1	2	0	0
xclaim	009	8	8	0	0	1	0.1	2	2	2	8	8	8	1	2	0	0
xclaim	010	30	0	0	0	2	0.125	0	4	4	15	15	0	0	2	0	0
xclaim	011	14	14	0	0	2	0.11764705882352941	4	2	2	13	13	14	1	2	0	0
xclaim	012	33	0	0	11	3	0.25	0	6	6	11	11	0	0	2	0	0
xclaim	013	5	5	0	0	1	0.16666666666666666	2	2	2	5	5	5	1	2	0	0
xclaim	014	28	0	0	0	2	0.125	0	4	4	14	14	0	0	2	0	0
xclaim	015	16	16	0	0	1	0.058823529411764705	2	2	2	16	16	16	1	2	0	0
xclaim	016	12	12	0	0	1	0.06666666666666667	2	2	2	12	12	12	1	2	0	0
xclaim	017	56	0	0	14	4	0.25	0	8	8	14	14	0	0	2	0	0
xclaim	018	33	0	0	11	3	0.25	0	6	6	11	11	0	0	2	0	0
xclaim	019	22	0	0	0	2	0.15384615384615385	0	4	4	11	11	0	0	2	0	0
xclaim	020	41	0	0	12	4	0.2857142857142857	0	6	6	10	12	0	0	2	0	0
xclaim	021	33	0	0	11	3	0.25	0	6	6	11	11	0	0	2	0	0
xclaim	022	38	2	0	10	3	0.26666666666666666	0	5	3	12	10	2	0	2	0	0
xclaim	023	30	0	0	5	4	0.36363636363636365	0	4	4	8	8	0	0	2	0	0
xclaim	024	8	8	0	0	1	0.09090909090909091	2	2	2	8	8	8	1	2	0	0
xclaim	025	6	6	0	0	1	0.125	2	2	2	6	6	6	1	2	0	0
xclaim	026	14	14	0	0	1	0.0625	2	2	2	14	14	14	1	2	0	0
xclaim	027	36	0	0	12	3	0.2	0	6	6	12	12	0	0	2	0	0
xclaim	028	11	11	0	0	1	0.07692307692307693	4	2	2	11	11	11	0	2	0	0
xclaim	029	42	0	0	14	3	0.2	0	6	6	14	14	0	0	2	0	0
xclaim	030	14	14	0	0	1	0.06666666666666667	4	2	2	14	14	14	0	2	0	0
xclaim	031	9	9	0	0	1	0.1	2	2	2	9	9	9	1	2	0	0
xclaim	032	19	3	0	0	2	0.16666666666666666	0	3	2	11	8	3	0	2	0	0
xclaim	033	12	12	0	0	1	0.06666666666666667	2	2	2	12	12	12	1	2	0	0
xclaim	034	9	9	0	0	1	0.08333333333333333	2	2	2	9	9	9	1	2	0	0
xclaim	035	9	9	0	0	1	0.08333333333333333	2	2	2	9	9	9	1	2	0	0
xclaim	036	9	9	0	0	1	0.08333333333333333	2	2	2	9	9	9	1	2	0	0
xclaim	037	35	0	1	5	3	0.3125	0	6	5	14	13	0	1	2	0	0
xclaim	038	18	0	0	0	2	0.18181818181818182	2	4	4	9	9	0	2	2	0	0
xclaim	039	8	8	0	0	1	0.1	2	2	2	8	8	8	1	2	0	0
xclaim	040	11	11	0	0	1	0.07692307692307693	2	2	2	11	11	11	1	2	0	0
xclaim	041	16	9	1	1	2	0.23076923076923078	2	3	3	9	11	9	1	2	0	0
xclaim	042	10	10	0	0	1	0.07692307692307693	2	2	2	10	10	10	1	2	0	0
xclaim	043	7	7	0	0	1	0.125	2	2	2	7	7	7	1	2	0	0
xclaim	044	8	8	0	0	1	0.09090909090909091	2	2	2	8	8	8	1	2	0	0
xclaim	045	20	0	0	0	2	0.16666666666666666	0	4	4	10	10	0	0	2	0	0
xclaim	046	10	10	0	0	1	0.07692307692307693	2	2	2	10	10	10	1	2	0	0
xclaim	047	16	10	0	0	3	0.21428571428571427	2	3	3	12	12	10	0	2	0	0
xclaim	048	18	0	0	0	2	0.18181818181818182	0	4	4	9	9	0	0	2	0	0
xclaim	049	26	0	0	0	2	0.14285714285714285	0	4	4	13	13	0	0	2	0	0
xclaim	050	9	9	1	0	1	0.16666666666666666	2	2	2	9	9	9	1	2	0	0
xclaim	051	10	10	0	0	1	0.06666666666666667	2	2	2	10	10	10	1	2	0	0
xclaim	052	8	8	0	0	1	0.1	2	2	2	8	8	8	1	2	0	0
xclaim	053	8	8	0	0	1	0.1111111111111111	2	2	2	8	8	8	1	2	0	0
xclaim	054	19	1	0	0	2	0.16666666666666666	0	4	3	10	9	1	0	2	0	0
xclaim	055	24	0	0	0	2	0.15384615384615385	0	4	4	12	12	0	0	2	0	0
xclaim	056	12	10	1	0	1	0.23076923076923078	1	2	2	10	10	10	1	2	0	0
xclaim	057	33	0	0	11	3	0.23076923076923078	0	6	6	11	11	0	0	2	0	0
xclaim	058	48	0	0	16	3	0.17647058823529413	0	6	6	16	16	0	0	2	0	0
xclaim	059	36	0	0	12	3	0.23076923076923078	0	6	6	12	12	0	0	2	0	0
xclaim	060	34	0	0	11	3	0.2857142857142857	0	6	6	10	10	0	0	2	0	0
xclaim	061	36	0	0	12	3	0.23076923076923078	0	6	6	12	12	0	0	2	0	0
xclaim	062	12	12	0	0	1	0.07692307692307693	2	2	2	12	12	12	1	2	0	0
xclaim	063	36	0	0	12	3	0.21428571428571427	0	6	6	12	12	0	0	2	0	0
xclaim	064	36	0	0	12	3	0.23076923076923078	0	6	6	12	12	0	0	2	0	0
xclaim	065	11	11	0	0	1	0.07692307692307693	2	2	2	11	11	11	1	2	0	0
xclaim	066	13	13	0	0	1	0.06666666666666667	2	2	2	13	13	13	1	2	0	0
xclaim	067	9	9	0	0	1	0.09090909090909091	4	2	2	9	9	9	0	2	0	0
xclaim	068	50	1	0	15	3	1.0	2	6	6	33	33	16	1	4	0	0
xclaim	069	11	11	0	0	1	0.07142857142857142	2	2	2	11	11	11	1	2	0	0
xclaim	070	8	8	0	0	1	0.09090909090909091	2	2	2	8	8	8	1	2	0	0
xclaim	071	31	1	0	10	3	0.23076923076923078	0	4	4	11	11	1	1	2	0	0
xclaim	072	13	13	0	0	1	0.07142857142857142	2	2	2	13	13	13	1	2	0	0
xclaim	073	28	0	0	0	2	0.125	0	4	4	14	14	0	0	2	0	0
xclaim	074	19	1	0	0	2	0.18181818181818182	0	3	4	10	9	1	1	2	0	0
xclaim	075	56	0	0	12	4	0.23529411764705882	0	4	4	12	12	0	0	2	0	0
xclaim	076	13	13	0	0	1	0.07142857142857142	2	2	2	13	13	13	1	2	0	0
xclaim	077	22	0	0	0	2	0.125	0	4	4	11	11	0	0	2	0	0
xclaim	078	9	9	0	0	1	0.1	2	2	2	9	9	9	1	2	0	0
xclaim	079	10	10	0	0	1	0.06666666666666667	2	2	2	10	10	10	1	2	0	0
xclaim	080	11	11	0	0	1	0.07692307692307693	4	2	2	11	11	11	0	2	0	0
xclaim	081	21	3	0	0	2	0.23076923076923078	1	3	4	12	11	3	0	2	0	0
xclaim	082	20	0	0	0	2	0.16666666666666666	0	4	4	10	10	0	0	2	0	0
xclaim	083	9	9	0	0	1	0.1	2	2	2	9	9	9	1	2	0	0
xclaim	084	24	0	0	0	2	0.15384615384615385	0	4	4	12	12	0	0	2	0	0
xclaim	085	11	11	0	0	1	0.08333333333333333	2	2	2	11	11	11	1	2	0	0
xclaim	086	41	1	1	11	3	0.25	0	5	4	13	10	1	2	2	0	0
xclaim	087	18	0	0	0	2	0.18181818181818182	0	4	4	9	9	0	0	2	0	0
xclaim	088	11	11	0	0	1	0.08333333333333333	2	2	2	11	11	11	1	2	0	0
xclaim	089	12	12	0	0	1	0.07142857142857142	2	2	2	12	12	12	1	2	0	0
xclaim	090	15	1	0	0	2	0.2222222222222222	0	3	4	8	7	1	1	2	0	0
xclaim	091	16	0	0	0	2	0.2	0	4	4	8	8	0	0	2	0	0
xclaim	092	36	3	0	11	3	0.2	2	4	4	14	14	3	0	2	0	0
xclaim	093	18	0	0	0	2	0.18181818181818182	0	4	4	9	9	0	0	2	0	0
xclaim	094	9	9	0	0	1	0.1	2	2	2	9	9	9	1	2	0	0
xclaim	095	8	8	0	0	1	0.1	2	2	2	8	8	8	1	2	0	0
xclaim	096	10	10	0	0	1	0.09090909090909091	2	2	2	10	10	10	1	2	0	0
xclaim	097	12	0	0	0	2	0.2222222222222222	2	4	4	6	6	0	2	2	0	0
xclaim	098	8	8	0	0	1	0.1	2	2	2	8	8	8	1	2	0	0
xclaim	099	10	10	0	0	1	0.07142857142857142	2	2	2	10	10	10	1	2	0	0
